generation	clone_id	dN	dS	pN	pS
501	0	0	0	20	2
501	1	0	0	2	3
501	2	0	0	38	14
501	3	0	0	10	1
501	4	0	0	8	1
501	5	0	0	8	3
501	6	0	0	21	13
501	7	0	0	17	6
501	8	0	0	7	4
501	9	0	0	9	5
1001	0	0	0	12	5
1001	1	0	0	7	4
1001	2	0	0	21	14
1001	3	0	0	8	3
1001	4	0	0	8	4
1001	5	0	0	18	8
1001	6	0	0	25	5
1001	7	0	0	15	6
1001	8	0	0	8	2
1001	9	0	0	10	7
1501	0	3	0	6	1
1501	1	0	0	8	5
1501	2	2	1	27	13
1501	3	2	0	11	5
1501	4	0	0	16	1
1501	5	0	2	12	4
1501	6	2	0	21	8
1501	7	0	0	10	5
1501	8	1	0	4	2
1501	9	2	0	16	3
2001	0	2	0	14	3
2001	1	1	0	3	5
2001	2	2	2	27	17
2001	3	2	1	11	1
2001	4	0	0	8	1
2001	5	0	2	12	5
2001	6	3	0	16	11
2001	7	0	1	20	7
2001	8	1	0	9	0
2001	9	1	1	13	4
2501	0	2	0	16	3
2501	1	1	0	5	4
2501	2	2	2	36	9
2501	3	2	1	9	2
2501	4	0	0	14	5
2501	5	0	2	14	7
2501	6	3	0	22	16
2501	7	0	1	21	8
2501	8	1	0	6	4
2501	9	2	1	13	6
3001	0	2	0	22	2
3001	1	1	0	4	7
3001	2	2	2	38	12
3001	3	2	1	6	4
3001	4	0	0	12	9
3001	5	0	2	17	6
3001	6	3	0	21	11
3001	7	0	1	8	10
3001	8	1	0	10	3
3001	9	2	1	13	8
3501	0	5	0	18	5
3501	1	2	1	10	5
3501	2	6	2	20	7
3501	3	5	1	7	6
3501	4	0	2	10	6
3501	5	1	3	11	5
3501	6	4	1	22	7
3501	7	0	3	8	7
3501	8	2	0	8	2
3501	9	4	2	6	8
4001	0	5	0	17	7
4001	1	2	1	15	2
4001	2	5	3	23	11
4001	3	5	1	4	6
4001	4	0	2	18	4
4001	5	1	2	12	7
4001	6	4	0	20	11
4001	7	0	3	17	12
4001	8	2	0	4	6
4001	9	4	2	8	8
4501	0	3	0	14	7
4501	1	2	1	6	7
4501	2	6	4	28	13
4501	3	5	1	12	4
4501	4	0	2	11	3
4501	5	1	3	12	6
4501	6	4	1	20	8
4501	7	0	3	17	13
4501	8	2	0	7	5
4501	9	4	2	10	4
5001	0	4	0	14	2
5001	1	2	1	3	5
5001	2	6	4	43	7
5001	3	5	1	13	3
5001	4	0	2	14	6
5001	5	1	3	19	5
5001	6	4	1	24	9
5001	7	0	3	17	13
5001	8	2	0	6	3
5001	9	4	2	20	7
5501	0	4	0	17	4
5501	1	2	1	7	7
5501	2	6	4	35	10
5501	3	5	1	10	5
5501	4	0	2	9	3
5501	5	1	3	16	4
5501	6	4	1	25	8
5501	7	0	3	21	9
5501	8	2	0	11	7
5501	9	3	2	12	9
6001	0	4	0	16	2
6001	1	2	1	6	4
6001	2	7	5	28	11
6001	3	5	2	5	1
6001	4	2	2	4	6
6001	5	2	3	15	4
6001	6	4	1	19	7
6001	7	2	4	14	8
6001	8	2	1	9	1
6001	9	5	3	15	3
6501	0	4	0	17	3
6501	1	2	0	11	5
6501	2	9	5	11	19
6501	3	5	2	5	5
6501	4	2	2	10	3
6501	5	2	3	10	3
6501	6	5	2	15	6
6501	7	3	4	16	6
6501	8	2	1	9	4
6501	9	5	3	12	7
7001	0	3	0	14	6
7001	1	2	2	9	2
7001	2	9	6	24	13
7001	3	5	2	3	4
7001	4	1	2	9	0
7001	5	3	2	10	4
7001	6	5	2	21	11
7001	7	3	4	15	10
7001	8	2	1	5	3
7001	9	5	3	14	8
7501	0	4	0	16	4
7501	1	2	2	7	1
7501	2	8	6	30	7
7501	3	5	2	5	3
7501	4	2	2	13	3
7501	5	3	3	16	8
7501	6	6	2	23	9
7501	7	3	4	16	14
7501	8	1	1	5	5
7501	9	5	3	20	6
8001	0	5	0	18	6
8001	1	2	2	9	4
8001	2	8	7	25	14
8001	3	5	2	8	3
8001	4	2	2	8	4
8001	5	2	3	13	7
8001	6	6	2	21	6
8001	7	4	4	18	9
8001	8	2	1	9	3
8001	9	6	3	18	9
8501	0	5	1	15	3
8501	1	1	2	13	4
8501	2	8	7	27	20
8501	3	4	2	5	1
8501	4	2	2	7	4
8501	5	3	3	15	6
8501	6	6	2	23	15
8501	7	4	4	17	7
8501	8	2	1	10	3
8501	9	6	3	19	6
9001	0	5	1	21	7
9001	1	1	2	5	5
9001	2	8	7	29	7
9001	3	4	2	6	7
9001	4	2	2	12	2
9001	5	2	3	14	10
9001	6	6	2	39	7
9001	7	4	4	17	6
9001	8	2	1	9	3
9001	9	6	3	12	5
9501	0	5	1	16	5
9501	1	2	2	5	3
9501	2	11	7	24	11
9501	3	2	2	9	4
9501	4	3	2	10	3
9501	5	4	3	23	6
9501	6	11	2	21	9
9501	7	6	6	21	4
9501	8	2	1	8	5
9501	9	6	4	16	4
10001	0	7	1	11	5
10001	1	1	2	7	4
10001	2	13	7	25	7
10001	3	4	2	8	4
10001	4	3	2	12	2
10001	5	7	3	11	5
10001	6	13	2	17	5
10001	7	7	6	20	7
10001	8	2	2	8	6
10001	9	6	4	5	5
10501	0	7	2	11	7
10501	1	2	2	12	4
10501	2	14	7	28	18
10501	3	7	2	8	1
10501	4	4	2	13	2
10501	5	7	3	12	4
10501	6	13	2	20	10
10501	7	6	5	18	7
10501	8	2	2	12	4
10501	9	7	4	8	4
11001	0	8	1	23	7
11001	1	2	2	9	6
11001	2	13	8	23	15
11001	3	5	2	5	8
11001	4	4	2	7	3
11001	5	7	4	18	8
11001	6	11	3	22	10
11001	7	8	6	21	8
11001	8	2	3	6	7
11001	9	8	5	13	4
11501	0	6	2	15	5
11501	1	1	2	6	7
11501	2	13	7	24	21
11501	3	7	0	6	5
11501	4	4	2	7	5
11501	5	7	4	17	4
11501	6	11	3	18	10
11501	7	8	6	18	4
11501	8	2	3	11	5
11501	9	7	5	13	7
12001	0	7	1	15	5
12001	1	2	0	8	7
12001	2	14	8	35	11
12001	3	7	2	7	2
12001	4	4	2	14	3
12001	5	7	5	13	3
12001	6	12	4	19	5
12001	7	9	6	18	11
12001	8	2	2	8	6
12001	9	8	5	15	5
12501	0	7	2	17	4
12501	1	2	2	8	5
12501	2	16	8	29	12
12501	3	8	2	6	3
12501	4	2	2	12	5
12501	5	7	4	15	7
12501	6	12	4	24	9
12501	7	9	7	20	12
12501	8	2	3	12	6
12501	9	9	5	12	7
13001	0	8	2	15	5
13001	1	2	2	12	7
13001	2	16	8	26	16
13001	3	8	2	11	4
13001	4	4	2	6	2
13001	5	6	4	16	8
13001	6	13	4	12	9
13001	7	8	7	17	13
13001	8	2	3	11	7
13001	9	9	3	13	5
13501	0	8	2	15	2
13501	1	2	4	9	6
13501	2	16	8	29	12
13501	3	8	3	7	2
13501	4	4	2	9	5
13501	5	7	4	19	7
13501	6	13	5	19	5
13501	7	9	9	14	6
13501	8	5	3	12	6
13501	9	11	4	11	5
14001	0	10	2	10	7
14001	1	1	3	11	2
14001	2	18	9	23	10
14001	3	6	3	14	2
14001	4	4	2	5	4
14001	5	8	6	14	3
14001	6	12	5	22	10
14001	7	11	10	11	6
14001	8	6	5	7	7
14001	9	11	6	13	2
14501	0	8	2	16	5
14501	1	1	3	7	3
14501	2	18	9	21	19
14501	3	7	3	10	5
14501	4	4	2	9	2
14501	5	10	6	16	4
14501	6	15	6	26	6
14501	7	10	11	19	6
14501	8	7	5	7	4
14501	9	11	6	15	6
15001	0	11	2	11	3
15001	1	3	4	5	2
15001	2	18	10	18	9
15001	3	9	4	6	2
15001	4	4	2	10	10
15001	5	13	6	10	6
15001	6	16	7	22	7
15001	7	12	11	7	8
15001	8	5	6	8	6
15001	9	11	7	10	4
15501	0	11	2	6	3
15501	1	3	4	10	5
15501	2	19	10	24	9
15501	3	9	4	6	5
15501	4	4	2	10	4
15501	5	13	6	11	3
15501	6	16	7	21	10
15501	7	11	10	19	6
15501	8	7	6	5	6
15501	9	11	7	7	5
16001	0	11	2	16	3
16001	1	3	3	7	4
16001	2	18	6	31	14
16001	3	9	4	7	4
16001	4	4	3	10	4
16001	5	15	7	16	3
16001	6	16	6	12	12
16001	7	11	11	23	10
16001	8	7	7	11	5
16001	9	11	7	10	8
16501	0	12	1	11	6
16501	1	3	4	12	7
16501	2	22	9	25	12
16501	3	9	4	7	4
16501	4	4	4	10	4
16501	5	17	7	11	7
16501	6	16	7	28	12
16501	7	13	11	18	8
16501	8	7	7	11	2
16501	9	11	7	13	4
17001	0	11	3	19	6
17001	1	4	5	7	1
17001	2	23	9	23	17
17001	3	9	4	8	1
17001	4	2	4	6	8
17001	5	17	6	5	6
17001	6	17	6	16	6
17001	7	15	12	25	8
17001	8	7	6	10	5
17001	9	12	8	16	6
17501	0	12	3	21	5
17501	1	4	5	5	2
17501	2	22	11	31	16
17501	3	9	4	12	4
17501	4	4	4	5	5
17501	5	16	5	11	8
17501	6	17	5	20	11
17501	7	15	12	23	11
17501	8	7	6	12	7
17501	9	12	8	11	7
18001	0	11	4	21	8
18001	1	3	5	9	5
18001	2	25	13	40	12
18001	3	9	5	6	5
18001	4	4	4	7	10
18001	5	15	7	10	6
18001	6	17	7	31	7
18001	7	15	14	25	6
18001	8	8	7	4	6
18001	9	11	8	6	4
18501	0	12	4	22	4
18501	1	3	6	9	4
18501	2	22	13	29	15
18501	3	9	4	7	7
18501	4	4	5	5	10
18501	5	16	7	13	8
18501	6	16	7	21	10
18501	7	13	14	21	4
18501	8	8	7	9	5
18501	9	12	7	17	6
19001	0	12	4	23	8
19001	1	3	6	7	3
19001	2	23	11	26	13
19001	3	8	5	7	5
19001	4	3	5	11	5
19001	5	16	7	17	7
19001	6	17	7	29	11
19001	7	15	13	24	8
19001	8	8	5	14	1
19001	9	12	8	10	4
19501	0	11	3	22	12
19501	1	3	6	12	5
19501	2	23	12	35	15
19501	3	9	5	6	4
19501	4	4	5	12	10
19501	5	16	6	12	6
19501	6	18	6	25	17
19501	7	15	14	22	6
19501	8	8	6	9	6
19501	9	12	8	12	8
20001	0	11	4	23	6
20001	1	3	6	6	5
20001	2	24	13	36	18
20001	3	8	5	9	4
20001	4	4	5	10	7
20001	5	15	5	20	7
20001	6	16	6	32	13
20001	7	16	13	14	11
20001	8	7	5	12	8
20001	9	12	7	11	9
20501	0	12	4	21	6
20501	1	3	6	5	4
20501	2	23	12	40	20
20501	3	8	5	11	2
20501	4	4	5	19	4
20501	5	16	7	17	13
20501	6	17	5	29	20
20501	7	16	14	23	7
20501	8	8	6	13	6
20501	9	10	8	12	7
21001	0	17	4	7	4
21001	1	5	6	6	5
21001	2	32	16	18	12
21001	3	11	6	4	0
21001	4	7	6	12	5
21001	5	16	7	13	7
21001	6	23	14	18	7
21001	7	18	14	22	5
21001	8	11	8	6	1
21001	9	11	9	12	4
21501	0	17	4	17	6
21501	1	5	6	8	3
21501	2	30	17	24	15
21501	3	11	6	1	3
21501	4	6	6	14	2
21501	5	16	7	16	8
21501	6	22	13	27	14
21501	7	17	13	25	9
21501	8	10	8	13	6
21501	9	11	8	11	8
22001	0	17	4	20	5
22001	1	5	6	7	3
22001	2	29	18	31	13
22001	3	9	5	3	6
22001	4	7	6	13	6
22001	5	17	7	18	7
22001	6	27	11	28	11
22001	7	18	15	18	3
22001	8	11	7	7	3
22001	9	14	11	9	9
22501	0	17	4	8	1
22501	1	5	6	10	3
22501	2	30	18	33	12
22501	3	10	5	5	9
22501	4	7	6	11	1
22501	5	19	7	15	7
22501	6	25	15	26	9
22501	7	18	14	19	6
22501	8	11	8	5	6
22501	9	15	11	8	5
23001	0	18	4	13	2
23001	1	4	6	9	3
23001	2	30	18	19	18
23001	3	11	6	3	3
23001	4	9	7	12	2
23001	5	20	6	15	7
23001	6	28	15	23	6
23001	7	18	15	25	8
23001	8	10	8	6	5
23001	9	13	12	10	2
23501	0	17	4	21	6
23501	1	5	7	10	7
23501	2	30	18	33	14
23501	3	11	6	8	5
23501	4	8	7	15	6
23501	5	21	6	12	6
23501	6	26	15	21	11
23501	7	15	16	24	12
23501	8	11	8	6	3
23501	9	15	12	6	7
24001	0	18	4	17	6
24001	1	5	6	8	6
24001	2	31	18	22	11
24001	3	9	5	11	3
24001	4	9	5	9	3
24001	5	20	7	11	3
24001	6	27	14	28	5
24001	7	18	15	25	9
24001	8	11	7	16	5
24001	9	14	11	9	5
24501	0	20	3	17	7
24501	1	4	9	8	3
24501	2	34	17	29	6
24501	3	10	6	8	1
24501	4	10	7	8	4
24501	5	20	7	16	2
24501	6	28	15	37	13
24501	7	21	15	11	8
24501	8	12	7	14	5
24501	9	15	11	13	5
25001	0	18	4	15	5
25001	1	4	7	9	7
25001	2	34	20	32	11
25001	3	10	7	10	4
25001	4	10	7	9	4
25001	5	22	6	12	4
25001	6	29	15	25	6
25001	7	22	16	11	6
25001	8	13	7	3	6
25001	9	14	12	13	10
25501	0	21	2	12	3
25501	1	5	8	9	6
25501	2	33	20	40	7
25501	3	11	6	11	2
25501	4	9	6	12	0
25501	5	19	7	15	2
25501	6	29	17	23	6
25501	7	21	15	13	11
25501	8	13	8	4	4
25501	9	15	14	12	2
26001	0	20	3	11	2
26001	1	6	9	6	3
26001	2	37	17	32	12
26001	3	11	6	6	1
26001	4	11	6	8	3
26001	5	23	7	16	7
26001	6	34	16	25	11
26001	7	21	16	17	5
26001	8	13	8	5	3
26001	9	16	15	12	8
26501	0	18	4	16	3
26501	1	7	9	13	6
26501	2	40	19	23	10
26501	3	12	5	9	1
26501	4	9	7	3	1
26501	5	24	6	11	9
26501	6	33	17	22	15
26501	7	23	16	17	8
26501	8	12	8	11	3
26501	9	16	12	10	10
27001	0	20	4	13	5
27001	1	6	10	11	4
27001	2	39	18	23	10
27001	3	11	7	5	3
27001	4	10	7	14	3
27001	5	20	8	17	6
27001	6	32	19	26	11
27001	7	22	16	12	4
27001	8	13	8	13	5
27001	9	16	15	10	5
27501	0	20	4	14	5
27501	1	8	12	8	2
27501	2	41	20	30	15
27501	3	13	5	3	3
27501	4	11	7	7	4
27501	5	21	8	17	6
27501	6	35	17	23	9
27501	7	22	18	13	9
27501	8	12	6	8	4
27501	9	14	16	13	6
28001	0	18	4	16	5
28001	1	7	12	12	2
28001	2	43	18	41	15
28001	3	13	6	11	5
28001	4	11	7	11	3
28001	5	23	8	15	7
28001	6	31	18	28	8
28001	7	21	16	15	14
28001	8	13	6	8	5
28001	9	15	15	15	4
28501	0	20	4	9	5
28501	1	9	12	5	1
28501	2	41	21	31	16
28501	3	13	7	9	4
28501	4	11	7	10	4
28501	5	23	10	13	1
28501	6	36	20	25	11
28501	7	21	18	19	9
28501	8	12	6	8	4
28501	9	15	13	16	6
29001	0	21	3	13	11
29001	1	9	10	5	0
29001	2	41	21	26	14
29001	3	9	6	6	6
29001	4	9	7	9	4
29001	5	25	10	11	5
29001	6	36	20	17	8
29001	7	20	18	18	9
29001	8	12	6	9	5
29001	9	14	15	13	5
29501	0	21	4	11	9
29501	1	9	11	4	1
29501	2	43	21	28	18
29501	3	11	7	6	4
29501	4	10	7	14	2
29501	5	24	9	17	7
29501	6	37	18	27	8
29501	7	25	16	15	10
29501	8	13	7	12	8
29501	9	16	16	7	4
30001	0	21	5	10	2
30001	1	7	11	15	5
30001	2	42	18	28	15
30001	3	13	6	8	2
30001	4	12	7	5	5
30001	5	27	10	4	8
30001	6	39	21	12	11
30001	7	23	18	13	7
30001	8	14	8	11	5
30001	9	17	13	11	3
30501	0	19	5	12	4
30501	1	8	11	14	5
30501	2	43	21	34	16
30501	3	13	7	7	2
30501	4	12	7	12	4
30501	5	24	10	13	2
30501	6	38	20	28	11
30501	7	23	17	12	8
30501	8	13	7	11	1
30501	9	17	14	10	3
31001	0	17	5	19	5
31001	1	9	10	16	1
31001	2	44	19	36	13
31001	3	13	6	9	1
31001	4	12	7	9	7
31001	5	25	10	10	4
31001	6	41	18	22	13
31001	7	25	17	11	10
31001	8	15	8	10	1
31001	9	17	16	7	8
31501	0	17	5	21	6
31501	1	9	12	13	2
31501	2	43	17	33	13
31501	3	10	7	9	1
31501	4	11	7	10	6
31501	5	26	10	11	7
31501	6	41	19	15	9
31501	7	25	18	10	7
31501	8	14	9	14	4
31501	9	17	15	3	6
32001	0	19	5	14	4
32001	1	8	11	11	1
32001	2	44	15	41	10
32001	3	14	7	9	7
32001	4	10	7	10	7
32001	5	26	10	13	9
32001	6	39	20	23	13
32001	7	25	18	11	8
32001	8	15	9	15	6
32001	9	17	15	6	8
32501	0	20	4	14	5
32501	1	9	11	10	2
32501	2	42	18	34	17
32501	3	15	7	7	6
32501	4	12	7	6	7
32501	5	28	11	15	7
32501	6	37	21	30	13
32501	7	23	17	12	9
32501	8	14	9	9	1
32501	9	16	16	8	5
33001	0	20	7	16	6
33001	1	10	11	8	2
33001	2	48	21	21	14
33001	3	15	7	4	8
33001	4	11	6	13	4
33001	5	31	12	17	10
33001	6	43	20	29	10
33001	7	23	17	15	10
33001	8	14	9	9	4
33001	9	17	16	11	8
33501	0	19	6	13	7
33501	1	10	9	8	3
33501	2	47	21	31	14
33501	3	13	9	14	1
33501	4	13	7	3	7
33501	5	28	11	18	5
33501	6	44	21	27	5
33501	7	20	16	25	8
33501	8	13	8	9	5
33501	9	15	16	14	6
34001	0	20	8	12	5
34001	1	9	11	7	4
34001	2	51	22	19	12
34001	3	12	9	7	2
34001	4	12	7	6	6
34001	5	30	13	16	11
34001	6	42	21	18	8
34001	7	26	18	18	9
34001	8	15	9	7	3
34001	9	18	17	8	3
34501	0	22	7	18	8
34501	1	10	11	9	4
34501	2	51	21	20	13
34501	3	10	9	9	4
34501	4	13	7	8	7
34501	5	32	13	15	4
34501	6	40	20	26	6
34501	7	27	19	21	6
34501	8	14	7	11	7
34501	9	18	15	13	8
35001	0	23	7	11	8
35001	1	10	10	6	1
35001	2	47	24	23	11
35001	3	11	9	13	4
35001	4	13	7	13	3
35001	5	29	13	14	5
35001	6	45	22	20	3
35001	7	25	21	14	11
35001	8	15	9	8	3
35001	9	18	16	14	6
35501	0	24	8	10	12
35501	1	10	12	5	3
35501	2	53	24	20	12
35501	3	12	6	9	6
35501	4	13	5	11	4
35501	5	34	12	10	4
35501	6	40	22	28	8
35501	7	25	19	15	9
35501	8	16	9	7	7
35501	9	17	16	12	7
36001	0	23	7	18	7
36001	1	10	13	8	1
36001	2	50	23	23	14
36001	3	12	7	11	5
36001	4	11	8	12	1
36001	5	32	13	13	7
36001	6	43	21	30	8
36001	7	26	20	14	11
36001	8	16	8	5	5
36001	9	17	18	13	6
36501	0	24	8	13	9
36501	1	10	12	9	3
36501	2	48	22	31	12
36501	3	12	7	13	5
36501	4	12	8	10	5
36501	5	31	13	14	4
36501	6	44	20	28	5
36501	7	24	21	16	9
36501	8	16	8	10	7
36501	9	16	17	15	10
37001	0	22	8	15	11
37001	1	8	12	11	4
37001	2	52	24	26	12
37001	3	15	7	13	7
37001	4	13	7	14	3
37001	5	34	12	19	3
37001	6	43	21	32	5
37001	7	27	21	15	9
37001	8	16	6	8	6
37001	9	15	19	14	10
37501	0	22	9	21	3
37501	1	8	12	6	3
37501	2	53	24	31	10
37501	3	14	7	13	9
37501	4	12	8	13	3
37501	5	34	11	5	4
37501	6	44	22	25	8
37501	7	26	19	18	8
37501	8	14	7	15	7
37501	9	18	16	12	8
38001	0	23	9	15	3
38001	1	10	13	6	5
38001	2	54	25	28	12
38001	3	14	6	14	6
38001	4	12	8	12	7
38001	5	32	13	17	3
38001	6	44	22	22	6
38001	7	25	19	24	14
38001	8	15	8	10	3
38001	9	18	18	12	12
38501	0	25	9	13	7
38501	1	10	11	6	4
38501	2	52	25	38	13
38501	3	15	6	17	7
38501	4	13	8	11	6
38501	5	34	12	14	7
38501	6	42	21	35	12
38501	7	26	20	11	13
38501	8	16	8	10	3
38501	9	19	20	10	15
39001	0	24	9	12	5
39001	1	11	14	3	2
39001	2	57	26	28	14
39001	3	21	10	3	0
39001	4	14	8	10	8
39001	5	33	12	10	4
39001	6	48	20	27	10
39001	7	26	22	13	11
39001	8	14	8	12	4
39001	9	18	20	12	8
39501	0	25	10	10	6
39501	1	11	14	6	3
39501	2	56	24	23	14
39501	3	19	9	8	3
39501	4	17	8	8	5
39501	5	38	12	15	8
39501	6	47	21	20	11
39501	7	24	23	10	7
39501	8	17	8	11	4
39501	9	18	21	18	7
40001	0	25	10	8	10
40001	1	11	14	7	4
40001	2	57	25	34	8
40001	3	22	10	5	3
40001	4	14	6	21	8
40001	5	37	10	11	6
40001	6	50	23	18	7
40001	7	23	23	13	6
40001	8	17	10	6	6
40001	9	19	22	14	6
40501	0	21	10	12	2
40501	1	10	13	9	2
40501	2	58	28	27	12
40501	3	21	8	6	1
40501	4	14	7	11	8
40501	5	35	12	18	0
40501	6	50	22	19	4
40501	7	21	22	25	7
40501	8	16	10	17	6
40501	9	17	24	12	5
41001	0	23	11	15	9
41001	1	10	14	2	0
41001	2	57	26	29	10
41001	3	19	9	11	3
41001	4	17	7	14	9
41001	5	36	13	11	4
41001	6	53	24	23	8
41001	7	26	22	23	10
41001	8	18	11	6	4
41001	9	21	23	11	9
41501	0	24	10	15	7
41501	1	9	14	9	7
41501	2	58	27	33	11
41501	3	21	9	5	3
41501	4	13	8	16	7
41501	5	34	13	18	3
41501	6	49	24	24	10
41501	7	25	19	24	9
41501	8	17	11	4	3
41501	9	20	21	15	6
42001	0	25	11	9	5
42001	1	11	12	7	2
42001	2	60	25	17	17
42001	3	23	8	6	1
42001	4	19	8	6	6
42001	5	37	14	17	5
42001	6	50	22	28	8
42001	7	29	24	20	11
42001	8	18	9	7	8
42001	9	22	22	7	2
42501	0	23	10	17	5
42501	1	11	14	6	4
42501	2	60	26	23	15
42501	3	20	8	6	4
42501	4	18	8	10	3
42501	5	35	12	12	5
42501	6	52	22	26	12
42501	7	27	24	19	6
42501	8	18	8	8	6
42501	9	22	24	8	2
43001	0	23	11	12	3
43001	1	7	13	16	3
43001	2	60	28	23	22
43001	3	18	9	14	2
43001	4	18	9	10	2
43001	5	37	14	12	3
43001	6	49	24	28	9
43001	7	26	23	17	6
43001	8	18	10	9	1
43001	9	21	22	9	6
43501	0	24	11	15	6
43501	1	9	12	12	6
43501	2	57	29	29	11
43501	3	22	10	6	3
43501	4	21	9	12	2
43501	5	36	13	11	6
43501	6	57	25	19	8
43501	7	24	22	20	7
43501	8	16	10	10	5
43501	9	21	22	8	3
44001	0	27	11	12	4
44001	1	10	13	12	3
44001	2	59	28	29	8
44001	3	21	9	7	5
44001	4	18	9	7	6
44001	5	33	13	11	7
44001	6	53	24	24	10
44001	7	25	24	18	6
44001	8	18	11	6	1
44001	9	20	24	17	6
44501	0	25	10	13	5
44501	1	13	14	9	8
44501	2	60	31	30	13
44501	3	23	10	6	2
44501	4	20	10	11	2
44501	5	33	12	11	8
44501	6	54	25	22	7
44501	7	26	24	19	7
44501	8	14	10	8	6
44501	9	21	25	13	5
45001	0	28	11	11	2
45001	1	11	14	7	3
45001	2	60	31	29	18
45001	3	22	8	8	1
45001	4	18	8	10	5
45001	5	34	11	12	7
45001	6	53	25	28	8
45001	7	29	25	17	5
45001	8	17	9	8	2
45001	9	20	24	15	5
45501	0	26	11	15	4
45501	1	13	14	4	3
45501	2	59	29	35	21
45501	3	23	10	8	5
45501	4	20	9	8	3
45501	5	36	14	13	4
45501	6	58	26	24	13
45501	7	28	25	16	10
45501	8	17	10	11	4
45501	9	19	23	8	2
46001	0	27	10	11	4
46001	1	10	13	13	4
46001	2	56	28	35	16
46001	3	24	9	3	5
46001	4	19	10	8	4
46001	5	36	15	14	6
46001	6	55	25	29	6
46001	7	27	26	15	5
46001	8	17	10	12	6
46001	9	21	26	14	3
46501	0	27	12	8	4
46501	1	13	14	9	4
46501	2	61	32	24	11
46501	3	24	9	8	0
46501	4	19	11	6	4
46501	5	38	13	10	8
46501	6	66	26	13	7
46501	7	28	26	14	7
46501	8	19	11	8	2
46501	9	21	23	13	6
47001	0	25	12	11	6
47001	1	12	13	7	2
47001	2	62	33	30	11
47001	3	24	10	6	1
47001	4	20	11	11	5
47001	5	35	15	13	3
47001	6	64	28	24	10
47001	7	30	27	22	4
47001	8	21	11	7	1
47001	9	20	25	5	4
47501	0	26	11	8	5
47501	1	12	15	9	4
47501	2	59	31	24	14
47501	3	22	10	8	1
47501	4	19	10	11	7
47501	5	39	14	14	9
47501	6	66	28	19	8
47501	7	25	26	28	6
47501	8	19	10	6	5
47501	9	18	24	12	4
48001	0	27	12	12	3
48001	1	12	15	12	3
48001	2	54	31	30	21
48001	3	23	10	7	1
48001	4	18	10	13	12
48001	5	38	14	18	10
48001	6	66	27	26	12
48001	7	26	22	23	7
48001	8	20	10	9	4
48001	9	19	25	15	7
48501	0	26	11	15	5
48501	1	12	14	10	7
48501	2	61	33	17	19
48501	3	22	9	6	4
48501	4	18	11	17	5
48501	5	35	13	10	9
48501	6	63	27	20	12
48501	7	31	25	22	3
48501	8	20	10	5	2
48501	9	22	24	12	5
49001	0	26	11	13	7
49001	1	13	15	11	1
49001	2	58	33	21	15
49001	3	24	11	6	1
49001	4	20	11	10	8
49001	5	38	16	11	5
49001	6	64	28	19	8
49001	7	30	25	23	5
49001	8	21	11	6	6
49001	9	20	25	10	4
49501	0	26	11	15	9
49501	1	14	15	6	3
49501	2	61	34	20	15
49501	3	25	11	5	4
49501	4	19	11	13	7
49501	5	36	15	12	7
49501	6	67	29	29	7
49501	7	33	26	16	11
49501	8	21	10	11	5
49501	9	22	26	7	11
50001	0	26	12	12	4
50001	1	13	14	4	5
50001	2	60	32	30	19
50001	3	25	11	6	6
50001	4	20	8	10	12
50001	5	36	15	13	2
50001	6	66	29	26	11
50001	7	33	26	19	5
50001	8	21	10	7	4
50001	9	21	26	6	5
50501	0	29	11	14	5
50501	1	13	15	9	3
50501	2	59	32	32	19
50501	3	24	11	8	4
50501	4	18	9	11	5
50501	5	35	16	10	3
50501	6	68	31	30	11
50501	7	32	26	18	9
50501	8	21	10	10	4
50501	9	21	28	10	7
51001	0	28	11	14	6
51001	1	12	15	9	1
51001	2	68	35	29	15
51001	3	25	9	10	4
51001	4	22	10	8	7
51001	5	38	15	10	10
51001	6	66	31	21	7
51001	7	34	27	12	9
51001	8	23	11	6	2
51001	9	22	28	6	3
51501	0	28	12	13	4
51501	1	14	15	8	6
51501	2	64	37	37	11
51501	3	23	13	9	2
51501	4	21	12	5	8
51501	5	36	16	15	7
51501	6	67	31	21	10
51501	7	34	27	16	12
51501	8	22	11	9	4
51501	9	22	27	12	4
52001	0	29	13	13	5
52001	1	15	16	11	1
52001	2	65	39	26	15
52001	3	20	13	10	3
52001	4	23	13	6	7
52001	5	40	16	15	6
52001	6	63	31	23	11
52001	7	32	22	20	8
52001	8	23	10	8	4
52001	9	22	28	7	4
52501	0	31	13	12	4
52501	1	15	15	7	4
52501	2	64	39	25	12
52501	3	21	13	9	3
52501	4	22	12	10	1
52501	5	36	16	8	2
52501	6	70	33	20	15
52501	7	34	27	19	7
52501	8	21	11	11	2
52501	9	22	28	9	4
53001	0	31	10	15	5
53001	1	15	15	7	0
53001	2	66	39	26	9
53001	3	26	13	2	3
53001	4	22	13	11	6
53001	5	37	17	13	3
53001	6	68	31	25	7
53001	7	36	27	16	11
53001	8	24	12	8	3
53001	9	19	24	14	4
53501	0	32	11	14	2
53501	1	14	14	8	4
53501	2	69	40	30	15
53501	3	25	13	3	3
53501	4	22	12	11	5
53501	5	39	16	8	5
53501	6	69	33	21	6
53501	7	36	26	15	8
53501	8	22	12	12	3
53501	9	22	29	11	3
54001	0	29	12	10	6
54001	1	15	15	5	6
54001	2	70	42	29	12
54001	3	26	10	5	0
54001	4	23	13	13	5
54001	5	38	16	6	5
54001	6	66	35	23	7
54001	7	35	26	22	8
54001	8	22	11	7	6
54001	9	23	27	9	4
54501	0	26	11	18	5
54501	1	15	15	7	5
54501	2	71	39	34	17
54501	3	26	13	6	3
54501	4	23	13	12	4
54501	5	39	18	10	9
54501	6	67	34	31	16
54501	7	38	28	16	11
54501	8	24	10	4	3
54501	9	22	30	11	3
55001	0	26	11	23	10
55001	1	15	14	12	4
55001	2	72	38	28	18
55001	3	21	14	7	5
55001	4	20	13	13	6
55001	5	36	16	13	8
55001	6	65	35	21	11
55001	7	36	27	17	11
55001	8	21	10	7	3
55001	9	21	27	13	4
55501	0	32	13	16	7
55501	1	15	15	7	6
55501	2	72	40	35	16
55501	3	26	14	7	5
55501	4	22	12	14	6
55501	5	39	19	11	7
55501	6	67	34	31	12
55501	7	38	28	17	6
55501	8	23	9	5	2
55501	9	22	30	5	2
56001	0	35	14	13	6
56001	1	14	13	8	4
56001	2	68	37	28	15
56001	3	24	14	6	3
56001	4	24	13	8	6
56001	5	38	16	18	6
56001	6	69	37	20	5
56001	7	40	28	19	10
56001	8	25	13	4	5
56001	9	21	29	11	5
56501	0	35	14	12	6
56501	1	15	16	10	5
56501	2	76	38	36	11
56501	3	26	13	6	2
56501	4	26	11	13	3
56501	5	39	18	10	2
56501	6	68	37	20	9
56501	7	40	29	22	8
56501	8	22	12	8	5
56501	9	22	29	10	5
57001	0	36	15	10	6
57001	1	14	15	11	3
57001	2	72	40	31	11
57001	3	24	14	3	2
57001	4	26	13	11	1
57001	5	39	16	8	7
57001	6	69	36	20	13
57001	7	37	29	23	10
57001	8	23	14	10	6
57001	9	23	30	6	3
57501	0	34	11	14	11
57501	1	16	17	10	4
57501	2	79	41	16	16
57501	3	26	14	6	0
57501	4	25	11	12	1
57501	5	36	18	13	7
57501	6	67	39	25	5
57501	7	41	31	15	6
57501	8	23	14	13	5
57501	9	24	30	10	3
58001	0	33	12	15	10
58001	1	15	17	15	1
58001	2	79	45	26	7
58001	3	26	13	8	2
58001	4	25	14	4	3
58001	5	38	18	13	7
58001	6	69	37	22	9
58001	7	43	30	13	9
58001	8	25	13	8	4
58001	9	26	30	9	5
58501	0	35	14	19	8
58501	1	15	16	13	3
58501	2	76	43	39	11
58501	3	25	12	7	2
58501	4	25	14	9	2
58501	5	36	18	16	4
58501	6	64	35	30	8
58501	7	40	32	20	5
58501	8	24	13	7	3
58501	9	26	27	17	10
59001	0	35	15	19	6
59001	1	17	16	4	1
59001	2	76	43	30	12
59001	3	25	14	10	3
59001	4	26	14	12	7
59001	5	37	18	18	6
59001	6	66	38	28	7
59001	7	41	28	25	14
59001	8	24	14	6	5
59001	9	25	29	9	8
59501	0	39	14	13	7
59501	1	17	17	9	3
59501	2	78	38	27	20
59501	3	24	13	12	4
59501	4	27	12	7	2
59501	5	37	17	17	7
59501	6	66	36	24	14
59501	7	39	31	16	9
59501	8	24	14	4	5
59501	9	24	27	16	7
60001	0	36	15	17	4
60001	1	20	16	6	3
60001	2	82	44	16	16
60001	3	27	12	5	5
60001	4	25	11	10	12
60001	5	39	20	9	5
60001	6	71	38	24	5
60001	7	46	32	8	9
60001	8	24	14	9	4
60001	9	22	25	11	5
60501	0	40	15	12	4
60501	1	20	16	7	2
60501	2	78	45	19	11
60501	3	26	12	8	2
60501	4	27	14	10	3
60501	5	40	19	13	4
60501	6	72	40	14	11
60501	7	44	31	17	9
60501	8	22	14	8	5
60501	9	23	31	10	5
61001	0	40	14	8	9
61001	1	20	17	12	2
61001	2	80	47	25	11
61001	3	26	13	5	3
61001	4	27	11	11	3
61001	5	38	19	16	5
61001	6	68	35	16	10
61001	7	42	30	24	9
61001	8	21	16	10	7
61001	9	22	28	14	6
61501	0	39	13	17	7
61501	1	18	15	8	2
61501	2	83	47	25	9
61501	3	28	13	3	3
61501	4	27	13	8	5
61501	5	39	18	15	11
61501	6	71	36	17	11
61501	7	43	28	12	10
61501	8	21	14	9	8
61501	9	25	29	13	3
62001	0	39	15	18	5
62001	1	19	16	11	2
62001	2	80	44	28	13
62001	3	27	14	6	3
62001	4	25	14	3	5
62001	5	36	18	17	8
62001	6	70	37	24	13
62001	7	44	32	18	7
62001	8	23	14	6	8
62001	9	25	29	9	6
62501	0	39	12	17	5
62501	1	17	13	9	3
62501	2	77	44	35	9
62501	3	28	13	8	3
62501	4	28	13	9	1
62501	5	38	20	13	5
62501	6	69	36	20	11
62501	7	43	31	26	9
62501	8	23	15	6	8
62501	9	26	29	9	5
63001	0	41	14	6	6
63001	1	23	16	5	7
63001	2	78	44	28	18
63001	3	27	14	5	3
63001	4	29	13	17	3
63001	5	41	20	12	3
63001	6	72	38	22	14
63001	7	46	32	16	7
63001	8	25	17	10	6
63001	9	23	28	9	6
63501	0	40	15	13	6
63501	1	23	17	9	2
63501	2	80	45	27	9
63501	3	25	14	10	1
63501	4	25	14	14	3
63501	5	39	19	17	6
63501	6	70	41	23	7
63501	7	43	32	23	9
63501	8	26	15	8	5
63501	9	24	30	17	5
64001	0	39	15	11	8
64001	1	23	17	4	4
64001	2	78	42	45	16
64001	3	28	14	4	3
64001	4	27	12	14	3
64001	5	39	19	13	6
64001	6	65	39	27	8
64001	7	42	33	23	6
64001	8	25	15	12	7
64001	9	26	28	15	6
64501	0	41	15	16	4
64501	1	22	17	7	4
64501	2	77	44	33	15
64501	3	26	14	6	2
64501	4	26	14	14	5
64501	5	40	18	12	3
64501	6	67	40	21	7
64501	7	43	30	25	10
64501	8	26	14	11	9
64501	9	23	32	16	5
65001	0	41	16	14	8
65001	1	20	16	9	3
65001	2	80	46	34	12
65001	3	28	14	9	4
65001	4	29	13	11	2
65001	5	38	20	7	9
65001	6	72	42	21	8
65001	7	48	33	20	6
65001	8	26	16	9	8
65001	9	28	32	8	4
65501	0	44	17	13	5
65501	1	22	16	11	6
65501	2	82	44	20	10
65501	3	28	14	4	5
65501	4	29	14	6	6
65501	5	39	19	15	2
65501	6	74	41	16	5
65501	7	48	33	20	6
65501	8	25	17	9	4
65501	9	28	31	11	5
66001	0	36	16	21	5
66001	1	18	15	15	3
66001	2	80	40	32	18
66001	3	28	12	7	4
66001	4	28	14	6	3
66001	5	40	17	15	8
66001	6	74	40	23	9
66001	7	47	30	23	8
66001	8	28	15	15	3
66001	9	27	32	10	4
66501	0	42	16	19	7
66501	1	24	17	8	3
66501	2	81	45	28	12
66501	3	27	11	9	6
66501	4	26	13	8	3
66501	5	40	18	17	9
66501	6	73	43	24	9
66501	7	46	33	28	14
66501	8	25	16	11	3
66501	9	25	29	14	7
67001	0	40	17	18	6
67001	1	23	18	8	5
67001	2	82	44	35	14
67001	3	29	12	7	5
67001	4	28	13	8	7
67001	5	38	19	10	7
67001	6	76	41	25	6
67001	7	46	32	22	7
67001	8	27	15	8	4
67001	9	27	29	15	7
67501	0	38	16	15	7
67501	1	20	13	14	4
67501	2	80	43	27	13
67501	3	29	13	6	3
67501	4	29	14	10	13
67501	5	38	18	13	10
67501	6	76	41	18	11
67501	7	47	30	25	11
67501	8	24	14	12	5
67501	9	24	31	14	9
68001	0	41	18	13	9
68001	1	22	17	12	3
68001	2	81	43	35	16
68001	3	27	13	7	9
68001	4	27	13	9	4
68001	5	37	20	10	10
68001	6	75	37	28	11
68001	7	48	33	27	12
68001	8	27	16	10	8
68001	9	26	30	14	5
68501	0	38	17	19	8
68501	1	20	13	22	6
68501	2	82	44	33	21
68501	3	28	13	10	5
68501	4	27	12	11	3
68501	5	37	17	18	12
68501	6	73	40	25	16
68501	7	47	33	28	14
68501	8	27	14	13	5
68501	9	25	30	14	6
69001	0	43	18	14	5
69001	1	23	16	12	6
69001	2	81	44	35	18
69001	3	26	11	7	9
69001	4	27	15	9	2
69001	5	40	21	18	9
69001	6	74	41	23	16
69001	7	46	37	21	10
69001	8	27	17	8	5
69001	9	26	28	19	10
69501	0	43	18	13	5
69501	1	21	16	8	8
69501	2	80	43	38	19
69501	3	28	12	11	5
69501	4	26	15	8	4
69501	5	39	21	18	7
69501	6	77	44	20	13
69501	7	50	37	20	9
69501	8	29	16	10	8
69501	9	25	31	11	4
70001	0	44	18	14	11
70001	1	21	16	12	6
70001	2	84	45	39	30
70001	3	28	11	6	8
70001	4	24	15	16	3
70001	5	40	21	21	6
70001	6	73	43	25	19
70001	7	48	35	26	13
70001	8	28	15	10	11
70001	9	25	31	17	12
70501	0	44	18	12	9
70501	1	21	14	6	6
70501	2	80	44	43	24
70501	3	27	13	9	5
70501	4	27	14	17	5
70501	5	38	17	28	7
70501	6	72	40	27	11
70501	7	48	36	30	20
70501	8	27	17	11	8
70501	9	26	29	12	12
71001	0	43	21	14	6
71001	1	21	20	8	3
71001	2	90	50	31	14
71001	3	28	13	6	1
71001	4	29	14	11	5
71001	5	46	19	12	5
71001	6	74	43	21	5
71001	7	56	43	16	9
71001	8	29	19	11	8
71001	9	25	32	13	9
71501	0	39	16	15	8
71501	1	21	19	7	2
71501	2	90	49	29	14
71501	3	27	15	7	4
71501	4	30	15	8	7
71501	5	46	22	12	6
71501	6	79	48	15	5
71501	7	54	40	14	7
71501	8	30	20	8	5
71501	9	27	30	7	9
72001	0	45	18	11	3
72001	1	23	18	10	4
72001	2	89	52	29	8
72001	3	26	14	6	6
72001	4	31	17	6	2
72001	5	46	20	16	4
72001	6	80	49	15	8
72001	7	54	42	13	9
72001	8	31	20	7	2
72001	9	27	33	11	3
72501	0	43	18	13	9
72501	1	24	20	6	1
72501	2	89	50	32	16
72501	3	24	16	9	1
72501	4	28	17	11	3
72501	5	44	20	18	5
72501	6	79	47	15	7
72501	7	55	43	18	8
72501	8	29	21	16	2
72501	9	27	28	17	3
73001	0	45	20	12	4
73001	1	23	21	6	2
73001	2	88	52	33	14
73001	3	26	17	5	4
73001	4	30	13	10	3
73001	5	47	20	15	5
73001	6	75	49	21	11
73001	7	56	42	18	11
73001	8	29	21	11	4
73001	9	29	29	13	4
73501	0	45	21	13	6
73501	1	22	19	9	2
73501	2	83	49	37	9
73501	3	29	17	6	0
73501	4	32	14	5	4
73501	5	47	19	17	6
73501	6	77	49	25	13
73501	7	54	40	18	13
73501	8	28	22	13	4
73501	9	30	32	9	2
74001	0	46	19	15	5
74001	1	20	16	13	3
74001	2	95	51	29	10
74001	3	29	18	3	0
74001	4	31	15	14	1
74001	5	50	19	11	8
74001	6	74	49	17	10
74001	7	54	39	24	8
74001	8	29	22	14	3
74001	9	32	30	12	4
74501	0	46	20	17	6
74501	1	18	17	9	4
74501	2	93	50	35	14
74501	3	30	19	2	2
74501	4	32	13	10	3
74501	5	48	21	8	9
74501	6	75	46	27	14
74501	7	55	42	21	7
74501	8	30	21	10	3
74501	9	31	32	13	6
75001	0	47	19	15	6
75001	1	22	20	11	2
75001	2	87	51	34	10
75001	3	29	16	6	3
75001	4	29	10	17	4
75001	5	44	21	17	8
75001	6	73	48	26	13
75001	7	54	43	28	10
75001	8	29	18	12	7
75001	9	31	30	14	12
75501	0	44	19	19	3
75501	1	21	16	13	5
75501	2	86	54	32	9
75501	3	24	16	9	0
75501	4	28	14	6	2
75501	5	48	21	11	3
75501	6	75	46	22	11
75501	7	56	44	15	8
75501	8	26	22	10	1
75501	9	32	32	12	7
76001	0	45	21	19	1
76001	1	20	16	7	5
76001	2	90	50	38	10
76001	3	27	17	7	2
76001	4	29	15	9	2
76001	5	42	20	24	6
76001	6	77	47	22	13
76001	7	51	42	27	11
76001	8	30	21	10	3
76001	9	31	32	13	8
76501	0	48	21	16	5
76501	1	17	16	12	5
76501	2	90	51	36	9
76501	3	28	18	7	4
76501	4	31	13	13	5
76501	5	46	19	18	6
76501	6	78	48	24	12
76501	7	51	43	17	7
76501	8	30	21	11	4
76501	9	32	33	14	10
77001	0	49	19	14	8
77001	1	23	21	4	2
77001	2	91	56	35	10
77001	3	28	18	8	3
77001	4	33	15	8	2
77001	5	49	23	12	7
77001	6	79	53	18	9
77001	7	54	42	26	10
77001	8	34	21	9	3
77001	9	35	30	12	7
77501	0	53	22	12	2
77501	1	25	20	9	3
77501	2	99	55	31	16
77501	3	29	18	5	1
77501	4	31	17	9	3
77501	5	48	22	16	3
77501	6	76	54	18	7
77501	7	56	42	22	6
77501	8	31	22	10	1
77501	9	35	34	10	4
78001	0	53	22	19	2
78001	1	25	19	8	3
78001	2	101	57	20	12
78001	3	28	18	4	2
78001	4	32	15	8	6
78001	5	43	20	26	7
78001	6	79	52	18	6
78001	7	55	48	19	11
78001	8	32	20	11	3
78001	9	33	34	13	6
78501	0	52	20	21	5
78501	1	26	19	5	6
78501	2	99	54	29	15
78501	3	30	19	5	2
78501	4	34	16	4	7
78501	5	52	21	11	4
78501	6	80	52	15	6
78501	7	51	45	27	12
78501	8	30	22	14	1
78501	9	35	33	12	5
79001	0	54	22	11	7
79001	1	26	20	8	2
79001	2	103	61	24	10
79001	3	30	19	2	3
79001	4	35	18	6	3
79001	5	49	22	7	3
79001	6	78	55	23	5
79001	7	60	46	13	5
79001	8	33	22	4	0
79001	9	36	32	11	5
79501	0	50	23	13	7
79501	1	24	18	13	1
79501	2	105	60	17	14
79501	3	30	19	4	0
79501	4	34	17	10	3
79501	5	48	22	16	3
79501	6	77	54	25	8
79501	7	58	45	21	6
79501	8	33	22	8	7
79501	9	35	30	18	4
80001	0	51	22	21	2
80001	1	26	20	9	2
80001	2	99	58	25	12
80001	3	29	19	3	2
80001	4	36	18	3	4
80001	5	49	22	11	7
80001	6	74	53	27	10
80001	7	56	45	19	10
80001	8	32	22	10	0
80001	9	38	30	13	6
80501	0	54	22	10	6
80501	1	25	20	6	2
80501	2	102	59	19	14
80501	3	28	16	12	5
80501	4	36	16	8	1
80501	5	51	21	10	6
80501	6	77	50	29	14
80501	7	60	44	21	9
80501	8	31	22	6	1
80501	9	37	32	16	11
81001	0	52	23	17	5
81001	1	27	20	7	1
81001	2	103	62	17	19
81001	3	28	18	9	2
81001	4	32	18	7	5
81001	5	47	22	14	8
81001	6	78	54	23	13
81001	7	62	46	21	12
81001	8	32	21	13	4
81001	9	36	32	11	5
81501	0	50	23	14	3
81501	1	27	20	5	4
81501	2	96	58	36	9
81501	3	29	18	8	3
81501	4	35	19	3	5
81501	5	52	20	14	4
81501	6	80	48	24	15
81501	7	60	46	18	8
81501	8	31	21	6	7
81501	9	38	33	4	3
82001	0	52	23	19	7
82001	1	26	20	10	7
82001	2	102	62	29	10
82001	3	30	19	5	2
82001	4	35	17	13	6
82001	5	50	23	15	2
82001	6	81	54	18	11
82001	7	62	46	13	10
82001	8	28	20	9	3
82001	9	36	32	7	8
82501	0	56	24	14	6
82501	1	26	19	11	4
82501	2	101	63	26	8
82501	3	31	18	3	4
82501	4	35	16	9	4
82501	5	51	23	11	6
82501	6	73	52	26	8
82501	7	61	45	18	10
82501	8	29	22	9	2
82501	9	37	34	12	9
83001	0	56	24	12	6
83001	1	27	19	6	3
83001	2	102	59	28	11
83001	3	30	18	2	2
83001	4	33	18	7	4
83001	5	49	23	9	4
83001	6	78	54	22	9
83001	7	58	44	29	10
83001	8	33	21	6	5
83001	9	37	33	10	6
83501	0	52	21	19	7
83501	1	26	20	6	2
83501	2	109	58	19	11
83501	3	32	19	2	4
83501	4	33	18	13	7
83501	5	52	23	17	2
83501	6	78	51	24	10
83501	7	60	46	20	6
83501	8	34	23	1	5
83501	9	33	33	12	6
84001	0	54	24	16	7
84001	1	27	19	9	6
84001	2	102	57	36	17
84001	3	31	18	6	0
84001	4	35	19	3	6
84001	5	50	22	13	9
84001	6	83	53	19	9
84001	7	63	47	24	4
84001	8	33	23	7	3
84001	9	38	32	9	10
84501	0	55	22	15	4
84501	1	28	22	9	3
84501	2	102	61	27	6
84501	3	33	19	5	2
84501	4	32	17	11	6
84501	5	47	21	16	10
84501	6	75	55	19	7
84501	7	66	46	24	10
84501	8	31	24	11	5
84501	9	31	36	17	8
85001	0	54	24	17	3
85001	1	27	21	12	3
85001	2	101	60	25	10
85001	3	30	19	6	2
85001	4	32	18	9	5
85001	5	53	21	17	4
85001	6	84	56	16	8
85001	7	63	47	18	7
85001	8	28	20	6	8
85001	9	36	36	12	12
85501	0	54	24	13	4
85501	1	30	22	9	2
85501	2	106	59	18	13
85501	3	33	17	4	1
85501	4	32	18	8	6
85501	5	56	24	14	5
85501	6	80	56	18	10
85501	7	63	47	25	3
85501	8	34	24	5	2
85501	9	38	35	15	4
86001	0	58	25	4	1
86001	1	29	22	9	5
86001	2	104	55	23	14
86001	3	32	18	9	2
86001	4	33	19	9	6
86001	5	52	19	13	8
86001	6	76	58	23	6
86001	7	61	48	22	6
86001	8	33	23	8	3
86001	9	40	37	17	7
86501	0	56	24	15	3
86501	1	28	21	9	6
86501	2	102	60	25	12
86501	3	30	18	6	3
86501	4	33	19	10	2
86501	5	54	23	18	7
86501	6	76	57	27	5
86501	7	65	45	17	6
86501	8	32	24	8	0
86501	9	40	36	16	6
87001	0	52	24	26	5
87001	1	31	22	7	0
87001	2	107	57	25	15
87001	3	33	18	2	1
87001	4	35	20	8	4
87001	5	55	22	16	4
87001	6	83	56	17	6
87001	7	68	40	22	12
87001	8	33	25	6	5
87001	9	39	36	17	3
87501	0	56	24	6	6
87501	1	31	21	8	3
87501	2	107	60	20	10
87501	3	31	18	7	2
87501	4	35	20	5	7
87501	5	57	22	13	6
87501	6	77	55	21	6
87501	7	63	44	26	7
87501	8	29	23	11	3
87501	9	39	37	15	3
88001	0	56	23	16	5
88001	1	31	19	7	3
88001	2	105	61	30	19
88001	3	32	18	6	3
88001	4	36	19	6	3
88001	5	54	21	12	8
88001	6	84	57	21	13
88001	7	66	43	19	9
88001	8	29	23	7	10
88001	9	39	36	14	8
88501	0	55	25	11	5
88501	1	31	19	7	6
88501	2	104	60	28	21
88501	3	32	19	6	5
88501	4	34	20	7	2
88501	5	56	24	9	4
88501	6	75	56	22	4
88501	7	71	43	14	8
88501	8	32	21	6	3
88501	9	42	38	10	5
89001	0	53	26	20	5
89001	1	32	22	5	3
89001	2	104	59	26	27
89001	3	30	13	8	7
89001	4	31	18	14	4
89001	5	53	23	16	2
89001	6	80	58	18	8
89001	7	68	44	14	2
89001	8	33	20	6	6
89001	9	43	37	10	6
89501	0	57	26	14	4
89501	1	29	18	15	4
89501	2	111	66	18	12
89501	3	31	17	5	7
89501	4	36	19	4	2
89501	5	53	22	13	3
89501	6	78	55	20	9
89501	7	71	45	14	9
89501	8	33	24	10	1
89501	9	38	34	15	6
90001	0	56	25	9	3
90001	1	33	20	5	2
90001	2	111	66	15	15
90001	3	31	18	5	3
90001	4	34	18	8	3
90001	5	54	24	10	6
90001	6	83	52	19	13
90001	7	69	43	21	6
90001	8	35	22	3	5
90001	9	41	36	13	3
90501	0	55	24	10	8
90501	1	32	19	7	1
90501	2	109	65	32	13
90501	3	31	18	9	4
90501	4	34	20	8	1
90501	5	52	23	14	2
90501	6	81	53	21	9
90501	7	65	49	17	8
90501	8	35	22	7	3
90501	9	39	37	6	4
91001	0	55	25	11	4
91001	1	34	19	11	2
91001	2	108	68	38	10
91001	3	32	19	6	2
91001	4	34	19	11	2
91001	5	56	25	4	2
91001	6	82	56	20	12
91001	7	71	50	15	3
91001	8	33	22	11	2
91001	9	42	37	10	5
91501	0	55	23	13	4
91501	1	35	19	6	4
91501	2	113	68	27	12
91501	3	32	16	5	3
91501	4	35	20	8	7
91501	5	53	25	11	1
91501	6	75	55	22	13
91501	7	71	49	18	9
91501	8	35	22	7	7
91501	9	42	37	11	4
92001	0	57	25	12	5
92001	1	35	20	7	6
92001	2	105	64	25	10
92001	3	31	18	8	2
92001	4	33	18	9	5
92001	5	55	24	10	1
92001	6	81	59	17	9
92001	7	69	47	14	7
92001	8	31	22	9	6
92001	9	41	34	13	6
92501	0	57	25	14	8
92501	1	34	18	10	3
92501	2	111	66	25	11
92501	3	31	17	9	2
92501	4	31	19	9	3
92501	5	57	24	14	4
92501	6	79	59	15	7
92501	7	66	43	17	11
92501	8	33	22	11	6
92501	9	42	38	9	5
93001	0	54	27	22	5
93001	1	34	20	7	2
93001	2	112	68	22	11
93001	3	28	14	16	3
93001	4	33	21	8	5
93001	5	55	24	11	3
93001	6	80	59	23	9
93001	7	62	51	17	5
93001	8	33	27	5	4
93001	9	42	39	9	4
93501	0	52	27	16	4
93501	1	35	20	9	2
93501	2	107	59	30	14
93501	3	32	16	7	5
93501	4	31	21	9	7
93501	5	52	23	15	6
93501	6	83	60	13	12
93501	7	70	51	15	2
93501	8	31	26	5	3
93501	9	39	37	13	5
94001	0	54	28	12	3
94001	1	31	17	14	4
94001	2	112	66	24	9
94001	3	33	15	9	3
94001	4	31	19	10	6
94001	5	56	24	13	5
94001	6	79	56	23	12
94001	7	69	47	15	9
94001	8	34	26	3	4
94001	9	41	37	8	5
94501	0	55	26	12	7
94501	1	33	17	13	4
94501	2	108	68	30	11
94501	3	31	15	11	6
94501	4	32	18	12	5
94501	5	54	26	11	7
94501	6	81	57	21	7
94501	7	70	45	12	14
94501	8	34	27	8	3
94501	9	43	38	10	3
95001	0	59	27	15	4
95001	1	30	20	12	2
95001	2	111	68	29	7
95001	3	35	18	4	2
95001	4	34	21	5	7
95001	5	53	26	12	4
95001	6	84	62	17	5
95001	7	68	46	24	8
95001	8	36	26	8	3
95001	9	43	37	12	7
95501	0	57	26	15	10
95501	1	30	19	11	2
95501	2	109	68	36	7
95501	3	33	17	7	5
95501	4	33	21	9	4
95501	5	56	26	10	7
95501	6	83	56	19	12
95501	7	69	46	20	8
95501	8	32	26	11	3
95501	9	40	36	16	8
96001	0	60	25	15	6
96001	1	29	20	18	3
96001	2	105	70	34	11
96001	3	35	17	6	4
96001	4	35	20	7	3
96001	5	54	25	12	7
96001	6	81	61	20	11
96001	7	69	42	26	12
96001	8	35	22	9	8
96001	9	43	38	19	5
96501	0	59	26	11	4
96501	1	35	20	11	4
96501	2	115	68	21	15
96501	3	35	20	8	1
96501	4	36	21	12	3
96501	5	55	23	16	8
96501	6	83	60	23	9
96501	7	69	48	25	10
96501	8	35	27	2	6
96501	9	42	37	14	9
97001	0	53	26	17	3
97001	1	29	19	13	8
97001	2	116	69	26	8
97001	3	32	19	7	5
97001	4	36	22	10	3
97001	5	58	27	12	5
97001	6	85	63	18	7
97001	7	71	47	18	13
97001	8	36	28	1	3
97001	9	45	34	11	11
97501	0	58	25	16	1
97501	1	33	21	9	2
97501	2	123	68	22	13
97501	3	35	20	4	2
97501	4	35	22	11	5
97501	5	58	26	14	10
97501	6	88	61	16	12
97501	7	73	50	18	8
97501	8	35	27	9	5
97501	9	45	40	8	5
98001	0	60	28	10	3
98001	1	38	21	8	2
98001	2	122	68	19	13
98001	3	35	20	7	5
98001	4	34	23	9	2
98001	5	53	27	16	11
98001	6	87	61	19	8
98001	7	74	51	14	11
98001	8	33	29	7	1
98001	9	40	38	18	7
98501	0	57	25	6	9
98501	1	30	19	11	5
98501	2	123	65	24	15
98501	3	35	21	7	4
98501	4	33	19	15	4
98501	5	56	29	15	9
98501	6	82	64	18	10
98501	7	70	49	22	9
98501	8	34	29	6	1
98501	9	43	38	13	12
99001	0	58	27	12	5
99001	1	36	19	6	4
99001	2	122	70	18	14
99001	3	35	22	6	1
99001	4	33	22	10	5
99001	5	58	30	10	4
99001	6	81	60	23	10
99001	7	73	54	17	7
99001	8	34	28	8	1
99001	9	47	44	3	0
99501	0	60	23	10	4
99501	1	36	22	8	1
99501	2	125	69	23	8
99501	3	32	22	8	2
99501	4	38	23	11	5
99501	5	58	32	11	2
99501	6	86	60	18	6
99501	7	70	55	16	3
99501	8	32	29	7	4
99501	9	46	42	11	5
100001	0	55	22	15	1
100001	1	40	21	8	4
100001	2	124	70	24	8
100001	3	34	21	8	7
100001	4	35	23	15	3
100001	5	58	32	10	0
100001	6	84	61	25	14
100001	7	76	56	16	10
100001	8	36	28	4	3
100001	9	46	43	15	0
100501	0	57	28	19	6
100501	1	37	23	9	4
100501	2	116	70	25	19
100501	3	36	21	8	2
100501	4	38	22	15	5
100501	5	58	29	7	8
100501	6	86	60	20	10
100501	7	74	54	13	7
100501	8	36	26	7	5
100501	9	43	42	12	2
101001	0	60	27	21	4
101001	1	34	22	12	5
101001	2	121	69	23	17
101001	3	37	21	5	1
101001	4	37	22	7	3
101001	5	54	31	18	4
101001	6	83	62	21	13
101001	7	67	51	30	6
101001	8	34	27	9	4
101001	9	42	42	6	7
101501	0	61	28	13	9
101501	1	40	21	6	5
101501	2	124	69	24	11
101501	3	32	20	9	4
101501	4	34	21	11	3
101501	5	59	29	14	7
101501	6	85	62	20	6
101501	7	74	54	14	8
101501	8	36	27	3	3
101501	9	43	41	13	8
102001	0	62	27	10	3
102001	1	39	22	12	4
102001	2	113	63	39	12
102001	3	33	21	10	3
102001	4	39	20	7	4
102001	5	59	29	15	7
102001	6	86	67	23	9
102001	7	72	54	20	5
102001	8	35	24	6	9
102001	9	43	43	9	4
102501	0	60	27	8	2
102501	1	39	24	5	2
102501	2	120	68	36	11
102501	3	35	19	7	3
102501	4	39	21	10	5
102501	5	59	31	17	5
102501	6	86	67	21	6
102501	7	67	51	20	4
102501	8	37	24	9	8
102501	9	46	35	12	2
103001	0	60	27	10	3
103001	1	41	23	2	4
103001	2	119	68	38	14
103001	3	34	19	7	2
103001	4	38	19	11	5
103001	5	57	28	8	7
103001	6	85	62	15	12
103001	7	73	54	13	6
103001	8	37	27	6	4
103001	9	46	42	12	3
103501	0	63	29	11	6
103501	1	40	25	6	2
103501	2	129	76	23	12
103501	3	34	19	11	3
103501	4	39	23	12	4
103501	5	57	30	14	3
103501	6	82	62	22	4
103501	7	74	53	14	8
103501	8	36	30	6	2
103501	9	45	42	10	1
104001	0	65	26	17	4
104001	1	41	25	5	4
104001	2	124	74	32	11
104001	3	31	19	10	5
104001	4	37	23	12	3
104001	5	58	32	13	4
104001	6	79	60	27	13
104001	7	78	52	19	10
104001	8	37	28	5	2
104001	9	42	38	19	8
104501	0	62	27	16	3
104501	1	39	24	7	3
104501	2	122	70	28	7
104501	3	34	21	8	3
104501	4	41	23	7	5
104501	5	63	33	8	3
104501	6	85	62	20	9
104501	7	75	51	23	12
104501	8	34	29	5	4
104501	9	46	35	11	13
105001	0	59	29	14	2
105001	1	36	25	8	3
105001	2	127	72	29	7
105001	3	35	21	10	0
105001	4	38	21	9	6
105001	5	62	34	13	4
105001	6	83	65	24	8
105001	7	76	55	17	6
105001	8	38	27	8	6
105001	9	46	37	11	10
105501	0	64	29	7	2
105501	1	39	23	7	4
105501	2	126	68	36	8
105501	3	34	21	15	1
105501	4	35	22	11	3
105501	5	61	31	8	8
105501	6	84	63	23	10
105501	7	76	54	16	9
105501	8	38	28	4	4
105501	9	46	38	5	12
106001	0	62	28	14	2
106001	1	39	24	5	3
106001	2	124	71	30	9
106001	3	34	20	8	3
106001	4	35	22	14	8
106001	5	59	32	14	4
106001	6	82	61	29	9
106001	7	72	53	20	10
106001	8	38	28	7	4
106001	9	42	40	7	9
106501	0	64	28	7	3
106501	1	37	21	11	5
106501	2	130	73	25	9
106501	3	40	22	3	3
106501	4	42	23	8	5
106501	5	60	31	8	6
106501	6	90	66	24	9
106501	7	79	56	11	8
106501	8	36	29	7	7
106501	9	45	40	10	4
107001	0	61	27	18	1
107001	1	35	22	7	6
107001	2	123	72	26	12
107001	3	38	21	4	2
107001	4	39	21	9	3
107001	5	58	29	7	6
107001	6	91	64	27	12
107001	7	79	54	25	9
107001	8	36	28	7	2
107001	9	44	39	7	12
107501	0	63	26	9	7
107501	1	33	24	14	4
107501	2	130	70	38	15
107501	3	39	20	5	6
107501	4	37	22	12	6
107501	5	57	33	12	4
107501	6	85	67	20	9
107501	7	80	53	19	11
107501	8	33	30	12	5
107501	9	45	41	14	8
108001	0	64	29	12	4
108001	1	41	25	5	4
108001	2	126	71	32	16
108001	3	40	21	4	4
108001	4	36	21	13	9
108001	5	62	33	8	6
108001	6	88	66	21	13
108001	7	74	53	25	8
108001	8	35	28	10	5
108001	9	42	40	11	12
108501	0	65	26	15	6
108501	1	40	26	5	2
108501	2	125	65	41	14
108501	3	41	21	6	1
108501	4	36	22	9	6
108501	5	58	34	8	10
108501	6	89	66	15	8
108501	7	74	54	21	7
108501	8	35	29	12	3
108501	9	45	39	6	15
109001	0	67	27	12	2
109001	1	40	26	7	1
109001	2	129	73	35	10
109001	3	39	22	4	3
109001	4	38	22	6	3
109001	5	59	32	8	5
109001	6	83	65	26	6
109001	7	81	58	14	4
109001	8	37	27	11	3
109001	9	47	39	9	6
109501	0	61	28	20	5
109501	1	42	26	3	5
109501	2	128	72	26	8
109501	3	39	21	8	2
109501	4	37	21	9	3
109501	5	57	34	12	4
109501	6	89	70	10	8
109501	7	76	56	13	8
109501	8	38	30	9	3
109501	9	45	39	10	3
110001	0	66	28	12	4
110001	1	39	24	9	4
110001	2	129	71	36	16
110001	3	34	22	7	2
110001	4	40	21	10	1
110001	5	58	35	14	8
110001	6	89	65	14	8
110001	7	78	50	14	8
110001	8	39	30	8	6
110001	9	44	41	12	9
110501	0	61	27	8	4
110501	1	41	26	8	2
110501	2	131	79	29	8
110501	3	41	22	5	2
110501	4	43	23	5	2
110501	5	63	34	9	4
110501	6	91	68	17	6
110501	7	75	55	21	7
110501	8	39	26	12	6
110501	9	41	41	8	4
111001	0	65	26	9	5
111001	1	40	24	7	2
111001	2	129	77	24	9
111001	3	35	22	10	2
111001	4	40	21	11	4
111001	5	58	32	11	7
111001	6	91	69	15	7
111001	7	81	54	22	8
111001	8	36	30	9	3
111001	9	42	39	15	9
111501	0	65	27	10	5
111501	1	42	27	5	4
111501	2	135	75	24	13
111501	3	37	21	12	1
111501	4	43	23	10	1
111501	5	61	34	10	4
111501	6	87	66	29	6
111501	7	78	54	20	12
111501	8	39	30	8	2
111501	9	41	36	16	9
112001	0	59	25	20	4
112001	1	43	26	7	4
112001	2	131	75	37	8
112001	3	35	21	10	0
112001	4	41	23	11	4
112001	5	57	33	10	5
112001	6	87	66	24	6
112001	7	78	54	17	9
112001	8	34	31	8	5
112001	9	43	41	8	5
112501	0	62	28	9	4
112501	1	38	23	9	3
112501	2	131	76	34	18
112501	3	38	18	9	3
112501	4	34	20	13	2
112501	5	58	37	12	9
112501	6	83	66	29	6
112501	7	82	58	6	8
112501	8	41	31	6	3
112501	9	43	41	9	7
113001	0	64	26	14	2
113001	1	43	27	8	3
113001	2	131	75	37	16
113001	3	36	22	6	2
113001	4	37	21	15	7
113001	5	58	34	19	7
113001	6	83	70	25	10
113001	7	84	57	9	4
113001	8	40	32	5	3
113001	9	44	43	7	7
113501	0	64	27	11	3
113501	1	40	26	12	4
113501	2	125	75	43	13
113501	3	38	20	4	4
113501	4	40	22	10	3
113501	5	57	36	14	7
113501	6	79	66	25	11
113501	7	79	52	14	12
113501	8	40	31	9	3
113501	9	45	41	4	8
114001	0	65	26	16	9
114001	1	41	25	6	4
114001	2	131	75	31	10
114001	3	39	20	6	1
114001	4	44	22	11	3
114001	5	60	34	15	5
114001	6	86	65	19	16
114001	7	82	56	14	8
114001	8	40	30	11	4
114001	9	43	40	16	7
114501	0	63	25	13	8
114501	1	43	26	7	2
114501	2	127	80	39	14
114501	3	37	23	10	2
114501	4	44	24	5	2
114501	5	60	30	11	7
114501	6	79	64	24	14
114501	7	78	51	25	12
114501	8	41	29	8	3
114501	9	41	39	11	8
115001	0	59	24	22	7
115001	1	43	25	6	4
115001	2	126	76	45	19
115001	3	41	23	8	4
115001	4	45	23	10	3
115001	5	59	34	11	2
115001	6	80	62	31	9
115001	7	81	50	18	13
115001	8	40	29	6	4
115001	9	44	45	12	8
115501	0	63	26	13	7
115501	1	41	22	4	4
115501	2	132	81	34	18
115501	3	37	23	7	4
115501	4	42	20	14	6
115501	5	62	34	9	6
115501	6	81	65	26	10
115501	7	85	49	23	12
115501	8	38	29	8	5
115501	9	45	40	10	6
116001	0	68	27	11	13
116001	1	41	27	3	1
116001	2	124	73	31	21
116001	3	35	22	9	7
116001	4	44	23	9	8
116001	5	59	34	11	2
116001	6	78	61	41	11
116001	7	87	52	17	18
116001	8	40	29	12	4
116001	9	44	44	8	4
116501	0	61	24	30	6
116501	1	43	26	10	2
116501	2	132	78	34	18
116501	3	34	19	13	6
116501	4	44	22	10	2
116501	5	61	34	8	3
116501	6	80	65	45	13
116501	7	81	51	19	14
116501	8	40	30	6	3
116501	9	48	42	8	8
117001	0	61	27	20	9
117001	1	39	26	9	3
117001	2	133	77	27	23
117001	3	37	22	9	5
117001	4	44	24	8	6
117001	5	61	36	10	4
117001	6	76	59	38	16
117001	7	82	55	12	11
117001	8	41	28	8	3
117001	9	47	45	10	4
117501	0	62	28	16	6
117501	1	41	27	6	2
117501	2	127	78	35	24
117501	3	37	20	12	6
117501	4	43	24	11	4
117501	5	56	30	14	4
117501	6	81	63	36	11
117501	7	85	54	18	12
117501	8	41	30	8	2
117501	9	48	45	8	5
118001	0	64	27	16	6
118001	1	43	27	5	2
118001	2	125	76	33	15
118001	3	35	20	15	4
118001	4	42	24	10	7
118001	5	62	34	13	4
118001	6	82	64	31	10
118001	7	81	56	22	10
118001	8	42	31	11	5
118001	9	45	41	13	10
118501	0	67	28	13	4
118501	1	44	27	6	4
118501	2	136	81	25	18
118501	3	41	24	5	0
118501	4	41	24	8	5
118501	5	61	31	13	3
118501	6	96	66	22	7
118501	7	88	60	16	7
118501	8	42	30	4	3
118501	9	46	43	12	8
119001	0	69	26	10	3
119001	1	42	26	9	3
119001	2	140	74	37	12
119001	3	44	23	4	2
119001	4	42	24	10	4
119001	5	63	31	12	3
119001	6	99	70	16	10
119001	7	82	58	19	10
119001	8	39	29	10	6
119001	9	49	45	12	5
119501	0	67	26	14	5
119501	1	43	27	6	3
119501	2	137	81	26	15
119501	3	44	22	9	7
119501	4	46	24	5	2
119501	5	60	33	11	4
119501	6	96	65	32	10
119501	7	82	56	24	14
119501	8	41	27	10	5
119501	9	46	46	8	3
120001	0	62	29	18	8
120001	1	44	26	10	2
120001	2	136	78	31	14
120001	3	44	23	7	3
120001	4	44	24	10	6
120001	5	62	34	12	5
120001	6	98	61	28	13
120001	7	84	59	29	9
120001	8	43	29	7	8
120001	9	48	42	12	4
120501	0	67	29	10	7
120501	1	41	24	5	4
120501	2	138	80	32	14
120501	3	40	22	6	3
120501	4	45	23	7	5
120501	5	58	35	17	4
120501	6	101	65	19	12
120501	7	86	60	18	11
120501	8	41	29	10	6
120501	9	47	41	11	6
121001	0	66	29	13	2
121001	1	44	26	5	2
121001	2	142	79	26	18
121001	3	39	21	11	3
121001	4	45	21	11	3
121001	5	59	36	16	4
121001	6	98	60	14	11
121001	7	82	62	23	6
121001	8	43	33	5	4
121001	9	50	44	10	5
121501	0	67	28	11	4
121501	1	44	26	7	3
121501	2	145	81	30	13
121501	3	44	23	5	6
121501	4	41	22	6	8
121501	5	61	33	17	7
121501	6	101	67	16	10
121501	7	87	58	18	7
121501	8	37	34	6	4
121501	9	45	45	15	4
122001	0	67	29	11	7
122001	1	44	26	8	7
122001	2	146	87	21	20
122001	3	42	24	10	4
122001	4	47	23	8	5
122001	5	58	34	12	5
122001	6	97	68	18	5
122001	7	90	60	20	9
122001	8	37	31	8	8
122001	9	48	45	13	6
122501	0	67	30	14	3
122501	1	45	27	8	2
122501	2	145	85	25	15
122501	3	43	22	9	5
122501	4	46	24	6	7
122501	5	59	32	15	6
122501	6	98	69	19	8
122501	7	90	64	20	6
122501	8	36	30	9	7
122501	9	49	44	10	3
123001	0	61	27	23	6
123001	1	44	26	5	2
123001	2	139	77	29	22
123001	3	45	23	8	6
123001	4	47	23	4	4
123001	5	63	35	15	7
123001	6	101	66	23	5
123001	7	90	61	13	7
123001	8	34	28	11	5
123001	9	47	43	14	4
123501	0	67	28	18	7
123501	1	42	23	9	3
123501	2	141	81	36	22
123501	3	42	22	9	4
123501	4	45	24	11	6
123501	5	60	34	12	9
123501	6	102	71	24	8
123501	7	90	60	23	9
123501	8	40	31	5	8
123501	9	51	45	12	2
124001	0	68	28	12	2
124001	1	45	26	5	3
124001	2	143	87	32	10
124001	3	44	26	8	3
124001	4	45	22	13	6
124001	5	61	34	16	6
124001	6	98	66	19	8
124001	7	97	65	19	10
124001	8	43	34	5	5
124001	9	54	45	3	6
124501	0	69	31	14	8
124501	1	45	26	8	2
124501	2	147	87	29	17
124501	3	45	25	9	3
124501	4	45	22	12	5
124501	5	64	36	11	4
124501	6	101	70	16	6
124501	7	89	66	12	6
124501	8	42	34	10	2
124501	9	53	47	7	9
125001	0	67	31	14	4
125001	1	43	25	13	2
125001	2	143	86	30	13
125001	3	44	26	6	1
125001	4	42	24	19	4
125001	5	67	35	20	6
125001	6	99	70	25	5
125001	7	86	53	30	13
125001	8	43	34	9	5
125001	9	50	44	9	8
125501	0	72	31	16	6
125501	1	44	27	3	6
125501	2	153	86	22	18
125501	3	45	26	5	3
125501	4	43	21	11	6
125501	5	66	34	11	11
125501	6	101	72	27	6
125501	7	93	61	22	8
125501	8	39	31	9	3
125501	9	48	46	15	6
126001	0	68	31	14	9
126001	1	45	27	8	3
126001	2	144	83	36	15
126001	3	44	20	4	6
126001	4	45	22	13	3
126001	5	67	33	14	2
126001	6	98	72	37	8
126001	7	94	65	21	10
126001	8	40	31	9	7
126001	9	53	47	8	5
126501	0	61	31	23	2
126501	1	46	27	13	4
126501	2	149	84	26	17
126501	3	46	25	6	6
126501	4	45	22	13	6
126501	5	66	35	18	3
126501	6	103	66	27	3
126501	7	95	63	22	8
126501	8	42	34	7	5
126501	9	51	47	10	3
127001	0	66	30	14	5
127001	1	46	28	5	3
127001	2	150	84	29	19
127001	3	40	25	14	3
127001	4	48	24	8	5
127001	5	66	33	18	7
127001	6	108	75	15	7
127001	7	99	67	19	2
127001	8	42	34	9	8
127001	9	50	47	14	7
127501	0	68	31	16	4
127501	1	48	29	5	1
127501	2	148	83	30	16
127501	3	46	26	7	4
127501	4	43	24	15	8
127501	5	64	34	15	6
127501	6	106	70	16	10
127501	7	96	67	18	10
127501	8	39	30	9	9
127501	9	50	47	13	5
128001	0	66	32	10	6
128001	1	47	26	8	4
128001	2	149	88	26	17
128001	3	46	25	5	3
128001	4	49	24	5	5
128001	5	65	32	16	7
128001	6	107	71	18	11
128001	7	93	64	21	6
128001	8	39	36	5	5
128001	9	49	44	17	10
128501	0	71	32	10	6
128501	1	46	26	5	5
128501	2	145	91	39	16
128501	3	46	27	6	1
128501	4	50	23	6	7
128501	5	64	34	18	8
128501	6	103	71	24	10
128501	7	96	61	23	10
128501	8	42	34	8	6
128501	9	54	46	12	3
129001	0	71	31	11	4
129001	1	44	26	7	3
129001	2	148	90	37	16
129001	3	43	25	9	1
129001	4	51	23	9	12
129001	5	61	35	19	4
129001	6	106	71	18	7
129001	7	99	66	20	7
129001	8	43	36	7	2
129001	9	52	43	14	4
129501	0	73	31	12	3
129501	1	47	24	11	5
129501	2	143	92	29	13
129501	3	45	28	5	1
129501	4	50	24	8	5
129501	5	65	33	13	5
129501	6	111	71	22	5
129501	7	96	68	16	10
129501	8	40	35	9	2
129501	9	54	44	18	6
130001	0	74	31	12	6
130001	1	46	28	5	2
130001	2	146	88	29	21
130001	3	47	25	7	3
130001	4	49	26	11	5
130001	5	67	35	14	3
130001	6	108	73	16	7
130001	7	99	68	18	7
130001	8	43	33	8	4
130001	9	57	45	14	4
130501	0	68	31	17	2
130501	1	44	27	12	6
130501	2	151	96	22	20
130501	3	48	24	5	2
130501	4	52	24	8	9
130501	5	60	36	12	5
130501	6	108	74	14	16
130501	7	99	69	13	9
130501	8	45	34	9	4
130501	9	54	44	17	5
131001	0	69	32	10	4
131001	1	44	28	10	5
131001	2	152	95	31	10
131001	3	48	27	1	2
131001	4	51	26	6	3
131001	5	70	35	11	4
131001	6	107	74	17	6
131001	7	98	66	12	5
131001	8	42	36	14	5
131001	9	59	44	9	6
131501	0	74	31	12	5
131501	1	47	30	4	5
131501	2	150	93	32	13
131501	3	41	26	8	5
131501	4	51	26	8	2
131501	5	68	37	11	3
131501	6	108	75	14	7
131501	7	94	62	18	11
131501	8	41	34	13	5
131501	9	61	47	12	7
132001	0	73	30	9	5
132001	1	46	28	7	2
132001	2	154	94	25	9
132001	3	46	25	10	6
132001	4	52	23	9	5
132001	5	68	34	15	2
132001	6	112	75	16	7
132001	7	96	68	15	7
132001	8	45	31	12	4
132001	9	57	44	11	6
132501	0	74	32	9	2
132501	1	47	29	9	2
132501	2	155	98	18	8
132501	3	46	28	8	2
132501	4	50	25	7	4
132501	5	67	36	11	12
132501	6	113	77	18	6
132501	7	98	66	10	11
132501	8	48	37	6	2
132501	9	60	46	13	9
133001	0	72	31	17	4
133001	1	47	26	9	4
133001	2	153	97	23	9
133001	3	46	27	6	3
133001	4	47	23	4	7
133001	5	68	35	6	7
133001	6	108	71	22	8
133001	7	100	69	16	19
133001	8	46	37	5	4
133001	9	60	46	16	4
133501	0	71	32	10	3
133501	1	42	27	5	4
133501	2	149	96	21	15
133501	3	47	26	10	5
133501	4	47	25	13	5
133501	5	67	35	13	11
133501	6	109	75	18	7
133501	7	95	70	21	7
133501	8	49	34	6	6
133501	9	59	45	17	11
134001	0	70	32	14	6
134001	1	46	27	8	4
134001	2	146	97	26	15
134001	3	43	23	9	5
134001	4	51	24	9	8
134001	5	69	36	14	8
134001	6	114	76	20	6
134001	7	94	71	16	10
134001	8	47	35	9	4
134001	9	58	47	15	6
134501	0	69	32	18	8
134501	1	48	27	9	4
134501	2	159	94	25	14
134501	3	46	25	4	6
134501	4	50	25	11	7
134501	5	70	38	16	8
134501	6	106	74	23	8
134501	7	96	68	22	12
134501	8	48	36	10	1
134501	9	62	48	10	5
135001	0	75	32	6	6
135001	1	49	26	4	4
135001	2	154	91	25	17
135001	3	44	27	7	2
135001	4	50	27	11	6
135001	5	74	37	7	3
135001	6	107	76	18	9
135001	7	100	69	17	7
135001	8	49	36	11	5
135001	9	63	49	9	2
135501	0	72	31	14	4
135501	1	49	29	8	3
135501	2	150	92	33	21
135501	3	46	27	9	5
135501	4	52	27	11	2
135501	5	68	36	14	4
135501	6	101	72	18	12
135501	7	97	71	13	6
135501	8	49	36	5	6
135501	9	62	49	8	6
136001	0	77	33	14	2
136001	1	47	26	5	5
136001	2	159	96	22	12
136001	3	48	27	9	4
136001	4	51	29	8	3
136001	5	67	35	15	4
136001	6	114	74	16	11
136001	7	102	66	14	8
136001	8	47	35	7	5
136001	9	63	48	10	4
136501	0	72	32	14	5
136501	1	50	29	9	4
136501	2	154	93	36	13
136501	3	43	28	10	7
136501	4	51	29	8	2
136501	5	67	36	20	7
136501	6	109	73	15	13
136501	7	97	63	21	11
136501	8	49	35	9	4
136501	9	62	47	10	3
137001	0	74	33	12	9
137001	1	46	28	10	3
137001	2	158	100	24	6
137001	3	45	28	6	2
137001	4	50	28	8	3
137001	5	71	33	12	4
137001	6	111	69	19	10
137001	7	97	67	18	8
137001	8	51	37	9	4
137001	9	58	46	16	9
137501	0	75	33	11	4
137501	1	49	27	11	1
137501	2	159	95	27	17
137501	3	43	29	10	1
137501	4	48	25	9	9
137501	5	74	35	10	2
137501	6	105	77	26	4
137501	7	94	65	17	9
137501	8	49	36	11	3
137501	9	61	47	10	6
138001	0	74	31	11	7
138001	1	48	25	11	4
138001	2	152	91	38	13
138001	3	39	26	11	6
138001	4	47	29	9	4
138001	5	67	34	17	2
138001	6	102	73	19	11
138001	7	93	69	24	9
138001	8	46	34	9	5
138001	9	60	48	7	5
138501	0	74	31	10	3
138501	1	45	23	8	4
138501	2	156	88	32	18
138501	3	43	29	8	1
138501	4	47	29	12	1
138501	5	72	35	13	8
138501	6	106	76	25	7
138501	7	100	67	23	6
138501	8	52	38	3	1
138501	9	59	44	14	3
139001	0	75	33	12	2
139001	1	50	23	9	4
139001	2	156	94	30	21
139001	3	42	29	6	3
139001	4	51	23	14	7
139001	5	69	37	14	6
139001	6	111	77	29	14
139001	7	101	66	22	11
139001	8	49	37	7	4
139001	9	56	46	17	4
139501	0	70	30	14	5
139501	1	46	27	13	3
139501	2	158	96	34	14
139501	3	46	29	3	3
139501	4	49	25	11	3
139501	5	70	38	10	2
139501	6	110	75	20	6
139501	7	100	69	12	8
139501	8	48	37	4	5
139501	9	60	47	11	6
140001	0	75	34	9	3
140001	1	46	28	8	4
140001	2	154	95	33	16
140001	3	47	28	9	2
140001	4	49	28	8	5
140001	5	73	35	15	6
140001	6	114	78	23	10
140001	7	96	69	16	6
140001	8	52	36	7	3
140001	9	59	48	11	5
140501	0	78	34	10	6
140501	1	49	25	15	3
140501	2	159	102	37	24
140501	3	45	26	9	5
140501	4	49	24	13	3
140501	5	71	34	16	5
140501	6	104	76	26	10
140501	7	94	68	14	12
140501	8	50	35	16	5
140501	9	55	46	19	7
141001	0	76	34	7	5
141001	1	49	23	12	4
141001	2	155	96	37	21
141001	3	45	25	8	4
141001	4	47	26	12	5
141001	5	75	36	8	4
141001	6	106	76	27	13
141001	7	95	64	22	10
141001	8	49	35	8	3
141001	9	62	49	14	6
141501	0	74	32	14	7
141501	1	50	25	11	5
141501	2	147	94	43	19
141501	3	47	29	5	3
141501	4	43	29	18	4
141501	5	72	36	16	6
141501	6	111	75	27	15
141501	7	96	70	21	9
141501	8	45	30	9	9
141501	9	66	49	9	4
142001	0	78	33	16	5
142001	1	45	27	5	4
142001	2	159	103	26	18
142001	3	48	30	6	2
142001	4	50	28	13	6
142001	5	68	35	18	10
142001	6	110	80	27	14
142001	7	99	70	19	5
142001	8	49	35	11	4
142001	9	63	47	13	1
142501	0	76	32	14	5
142501	1	49	28	5	3
142501	2	159	102	33	12
142501	3	48	27	4	4
142501	4	50	29	12	6
142501	5	69	36	16	4
142501	6	112	81	25	11
142501	7	97	69	16	4
142501	8	49	37	6	6
142501	9	62	47	11	4
143001	0	75	32	17	4
143001	1	47	27	8	7
143001	2	156	100	33	21
143001	3	42	27	14	4
143001	4	45	28	14	7
143001	5	74	35	13	7
143001	6	106	81	24	8
143001	7	99	70	14	6
143001	8	48	38	13	5
143001	9	59	47	16	7
143501	0	77	33	13	4
143501	1	50	25	9	4
143501	2	161	101	37	13
143501	3	47	29	7	5
143501	4	44	27	10	1
143501	5	75	37	10	6
143501	6	113	83	19	8
143501	7	105	71	18	7
143501	8	52	37	10	3
143501	9	60	49	10	3
144001	0	86	37	5	3
144001	1	47	29	11	3
144001	2	154	100	35	10
144001	3	49	28	8	5
144001	4	50	27	4	5
144001	5	74	39	10	7
144001	6	113	79	20	11
144001	7	101	71	16	6
144001	8	52	38	10	5
144001	9	63	50	13	4
144501	0	81	35	11	3
144501	1	49	28	8	3
144501	2	161	99	34	15
144501	3	45	31	9	2
144501	4	50	28	8	6
144501	5	74	35	11	10
144501	6	115	80	13	11
144501	7	102	68	16	9
144501	8	48	36	7	6
144501	9	61	50	12	2
145001	0	81	30	12	3
145001	1	52	28	7	5
145001	2	166	102	28	16
145001	3	49	29	5	3
145001	4	51	28	3	1
145001	5	71	36	16	5
145001	6	118	87	14	4
145001	7	104	74	14	4
145001	8	51	38	3	2
145001	9	63	50	16	5
145501	0	85	36	10	4
145501	1	53	28	15	3
145501	2	168	107	24	11
145501	3	49	29	5	3
145501	4	52	28	7	3
145501	5	73	39	14	4
145501	6	111	83	19	9
145501	7	104	75	14	9
145501	8	50	38	6	3
145501	9	65	51	8	4
146001	0	83	36	13	4
146001	1	49	25	11	2
146001	2	162	106	36	9
146001	3	45	30	8	1
146001	4	48	27	11	2
146001	5	69	39	20	9
146001	6	112	79	19	13
146001	7	105	74	17	10
146001	8	47	35	13	1
146001	9	60	48	13	12
146501	0	84	36	8	5
146501	1	54	29	6	0
146501	2	169	109	31	12
146501	3	50	29	4	2
146501	4	44	27	10	4
146501	5	71	39	19	8
146501	6	107	81	31	9
146501	7	108	67	13	7
146501	8	52	40	2	4
146501	9	63	53	13	0
147001	0	86	37	10	5
147001	1	47	29	12	4
147001	2	170	108	28	14
147001	3	48	29	8	4
147001	4	47	28	10	3
147001	5	76	38	14	6
147001	6	115	85	17	11
147001	7	106	66	17	7
147001	8	52	37	6	6
147001	9	64	53	9	2
147501	0	86	38	8	4
147501	1	54	30	3	0
147501	2	170	106	25	14
147501	3	50	31	4	3
147501	4	50	26	5	5
147501	5	80	39	8	6
147501	6	114	85	22	3
147501	7	107	69	11	13
147501	8	51	36	6	4
147501	9	62	53	11	3
148001	0	79	37	16	7
148001	1	50	29	4	4
148001	2	171	103	31	15
148001	3	49	27	7	2
148001	4	46	28	10	5
148001	5	76	40	15	9
148001	6	113	85	17	9
148001	7	108	71	11	5
148001	8	53	38	3	1
148001	9	62	52	11	4
148501	0	79	37	12	7
148501	1	51	30	11	2
148501	2	167	102	34	13
148501	3	49	31	6	3
148501	4	46	24	9	7
148501	5	77	40	18	6
148501	6	111	85	19	6
148501	7	106	70	14	6
148501	8	50	37	9	4
148501	9	66	52	14	9
149001	0	78	35	16	2
149001	1	51	28	6	5
149001	2	169	95	24	17
149001	3	50	32	4	3
149001	4	50	28	9	5
149001	5	77	39	17	6
149001	6	117	85	18	7
149001	7	106	68	14	15
149001	8	51	37	6	4
149001	9	65	51	11	4
149501	0	80	34	16	6
149501	1	49	29	5	5
149501	2	174	104	24	9
149501	3	45	32	5	4
149501	4	48	28	11	5
149501	5	82	42	10	2
149501	6	122	86	14	7
149501	7	105	74	14	14
149501	8	50	40	8	5
149501	9	65	51	10	7
150001	0	88	37	11	8
150001	1	50	27	9	3
150001	2	174	102	27	11
150001	3	51	31	6	4
150001	4	48	29	7	1
150001	5	77	41	7	5
150001	6	112	80	18	11
150001	7	103	77	13	4
150001	8	49	39	10	2
150001	9	62	51	18	9
150501	0	78	34	15	6
150501	1	49	28	11	3
150501	2	169	108	23	12
150501	3	48	33	9	4
150501	4	51	29	12	3
150501	5	75	44	13	2
150501	6	114	86	21	10
150501	7	104	72	12	8
150501	8	50	39	11	1
150501	9	63	51	17	8
151001	0	82	33	19	8
151001	1	52	30	10	5
151001	2	178	106	28	10
151001	3	50	33	9	3
151001	4	49	30	9	7
151001	5	77	42	7	7
151001	6	117	84	26	11
151001	7	101	69	24	9
151001	8	54	40	5	4
151001	9	61	54	15	3
151501	0	79	31	19	5
151501	1	51	27	11	8
151501	2	173	105	30	8
151501	3	48	32	10	3
151501	4	52	30	8	4
151501	5	72	37	18	9
151501	6	118	84	21	8
151501	7	103	70	20	9
151501	8	51	38	13	4
151501	9	65	52	12	5
152001	0	87	33	16	8
152001	1	50	25	13	3
152001	2	171	104	34	14
152001	3	49	31	7	5
152001	4	50	28	8	8
152001	5	79	40	12	4
152001	6	115	82	25	9
152001	7	106	66	19	14
152001	8	48	36	12	4
152001	9	67	52	14	9
152501	0	86	33	17	8
152501	1	48	25	13	6
152501	2	176	104	26	16
152501	3	48	30	10	7
152501	4	52	30	9	6
152501	5	79	41	7	7
152501	6	116	82	22	11
152501	7	103	71	24	8
152501	8	52	37	9	4
152501	9	65	51	15	5
153001	0	84	37	15	3
153001	1	46	26	10	6
153001	2	174	103	28	13
153001	3	49	33	8	3
153001	4	49	28	8	3
153001	5	75	39	14	9
153001	6	121	84	16	4
153001	7	103	71	21	4
153001	8	51	36	10	5
153001	9	65	50	13	8
153501	0	82	37	17	5
153501	1	50	29	16	6
153501	2	176	107	27	6
153501	3	48	31	10	1
153501	4	47	30	9	6
153501	5	77	39	9	7
153501	6	119	87	24	3
153501	7	108	71	18	16
153501	8	53	38	7	4
153501	9	65	53	10	5
154001	0	87	40	12	3
154001	1	52	32	6	4
154001	2	171	102	26	8
154001	3	49	31	8	5
154001	4	49	31	8	4
154001	5	79	41	10	5
154001	6	124	88	17	5
154001	7	112	64	18	9
154001	8	53	41	9	2
154001	9	64	47	15	4
154501	0	86	37	10	7
154501	1	52	30	8	6
154501	2	173	110	35	12
154501	3	45	34	8	5
154501	4	52	31	10	3
154501	5	74	42	13	3
154501	6	119	89	17	8
154501	7	110	73	16	13
154501	8	51	36	10	2
154501	9	69	48	11	8
155001	0	90	36	6	4
155001	1	54	31	5	5
155001	2	177	105	27	13
155001	3	47	34	6	2
155001	4	52	31	9	2
155001	5	79	43	11	2
155001	6	118	85	22	9
155001	7	106	74	20	8
155001	8	51	40	9	1
155001	9	68	48	13	3
155501	0	84	31	14	9
155501	1	50	30	6	6
155501	2	181	103	27	9
155501	3	51	34	4	4
155501	4	54	32	8	3
155501	5	79	42	15	4
155501	6	113	84	33	10
155501	7	102	72	26	6
155501	8	55	37	8	5
155501	9	71	51	13	4
156001	0	90	38	5	3
156001	1	56	32	1	5
156001	2	185	102	18	15
156001	3	50	35	7	2
156001	4	52	30	5	3
156001	5	81	43	14	4
156001	6	125	90	14	6
156001	7	111	79	20	4
156001	8	48	39	8	2
156001	9	66	51	12	2
156501	0	89	37	17	7
156501	1	56	32	4	3
156501	2	174	107	27	15
156501	3	49	32	10	5
156501	4	52	29	8	3
156501	5	76	43	15	1
156501	6	121	89	25	6
156501	7	110	67	17	8
156501	8	49	37	15	7
156501	9	68	49	7	6
157001	0	89	37	11	8
157001	1	52	29	9	2
157001	2	185	106	20	15
157001	3	47	34	12	3
157001	4	53	32	9	9
157001	5	82	43	7	8
157001	6	121	88	26	9
157001	7	103	70	20	7
157001	8	53	38	7	11
157001	9	66	50	15	6
157501	0	89	37	22	6
157501	1	56	30	5	4
157501	2	181	108	20	20
157501	3	46	34	15	6
157501	4	50	29	8	4
157501	5	83	45	8	8
157501	6	123	82	31	11
157501	7	109	72	11	9
157501	8	50	38	14	5
157501	9	70	53	12	1
158001	0	88	37	15	3
158001	1	51	29	9	3
158001	2	181	105	23	19
158001	3	46	30	11	5
158001	4	52	31	7	4
158001	5	82	43	12	8
158001	6	120	81	37	12
158001	7	106	73	20	11
158001	8	49	39	15	4
158001	9	70	52	13	4
158501	0	88	35	20	5
158501	1	50	29	9	4
158501	2	177	104	33	22
158501	3	48	29	9	7
158501	4	51	31	10	2
158501	5	81	39	9	6
158501	6	118	86	25	16
158501	7	103	72	26	9
158501	8	49	39	8	6
158501	9	71	53	9	9
159001	0	88	36	14	7
159001	1	49	31	13	2
159001	2	173	99	34	27
159001	3	49	33	6	5
159001	4	48	28	10	5
159001	5	80	42	17	5
159001	6	119	81	27	12
159001	7	103	74	23	9
159001	8	50	38	11	4
159001	9	71	53	16	7
159501	0	83	38	11	1
159501	1	55	29	7	4
159501	2	179	102	26	18
159501	3	52	33	6	3
159501	4	51	29	13	4
159501	5	79	44	15	1
159501	6	119	85	26	12
159501	7	108	75	16	6
159501	8	56	37	9	5
159501	9	70	48	11	5
160001	0	88	41	12	6
160001	1	57	29	8	5
160001	2	185	101	21	24
160001	3	52	32	7	1
160001	4	51	30	9	4
160001	5	82	44	11	1
160001	6	119	85	31	6
160001	7	110	76	13	9
160001	8	52	40	13	3
160001	9	63	46	20	10
160501	0	88	42	11	3
160501	1	52	31	7	0
160501	2	188	107	27	15
160501	3	51	34	6	2
160501	4	49	31	9	6
160501	5	83	44	16	6
160501	6	122	87	16	7
160501	7	108	74	12	7
160501	8	54	39	9	4
160501	9	66	50	10	8
161001	0	90	40	10	2
161001	1	52	33	5	3
161001	2	187	106	34	11
161001	3	53	35	5	7
161001	4	50	31	8	3
161001	5	83	47	13	5
161001	6	128	91	14	10
161001	7	107	74	18	9
161001	8	51	40	12	5
161001	9	65	48	11	4
161501	0	86	40	12	3
161501	1	54	32	10	8
161501	2	183	115	27	11
161501	3	53	34	5	4
161501	4	48	31	13	2
161501	5	86	46	9	5
161501	6	127	92	12	10
161501	7	107	76	11	9
161501	8	57	39	9	1
161501	9	70	52	10	5
162001	0	90	40	13	2
162001	1	55	34	7	1
162001	2	187	110	23	9
162001	3	53	32	3	3
162001	4	51	28	9	2
162001	5	81	44	11	1
162001	6	124	83	24	6
162001	7	113	70	14	9
162001	8	55	42	8	0
162001	9	71	53	14	7
162501	0	85	42	17	11
162501	1	55	33	10	1
162501	2	184	110	35	12
162501	3	53	32	6	8
162501	4	54	33	10	1
162501	5	84	45	14	3
162501	6	125	91	18	8
162501	7	112	75	15	5
162501	8	57	38	8	2
162501	9	70	51	15	7
163001	0	88	40	12	4
163001	1	55	32	9	5
163001	2	185	114	30	13
163001	3	53	33	3	2
163001	4	54	32	10	5
163001	5	81	41	15	5
163001	6	125	90	27	8
163001	7	109	78	14	9
163001	8	56	40	8	5
163001	9	70	51	14	4
163501	0	85	39	11	2
163501	1	56	32	8	4
163501	2	181	110	31	8
163501	3	53	33	3	2
163501	4	52	32	12	4
163501	5	82	46	12	3
163501	6	128	90	21	5
163501	7	111	76	10	9
163501	8	58	35	9	6
163501	9	69	53	15	3
164001	0	88	38	14	6
164001	1	53	32	10	5
164001	2	177	110	30	13
164001	3	50	32	9	3
164001	4	52	31	14	3
164001	5	85	45	14	3
164001	6	122	86	25	8
164001	7	113	74	13	13
164001	8	51	37	12	11
164001	9	66	55	16	6
164501	0	83	39	15	7
164501	1	52	34	9	4
164501	2	187	113	31	10
164501	3	50	32	6	3
164501	4	53	30	14	6
164501	5	83	44	11	3
164501	6	126	90	21	5
164501	7	105	73	21	7
164501	8	55	42	10	1
164501	9	73	51	12	6
165001	0	90	38	13	7
165001	1	56	34	9	0
165001	2	184	113	32	12
165001	3	48	31	5	1
165001	4	52	31	7	4
165001	5	84	47	10	2
165001	6	124	91	15	9
165001	7	106	78	21	6
165001	8	59	43	6	0
165001	9	72	49	14	6
165501	0	91	40	8	5
165501	1	55	35	5	1
165501	2	188	114	34	7
165501	3	52	33	6	3
165501	4	54	31	11	3
165501	5	80	43	17	8
165501	6	125	89	29	7
165501	7	107	78	18	10
165501	8	56	39	11	7
165501	9	74	53	15	2
166001	0	93	39	4	2
166001	1	52	33	9	1
166001	2	182	118	31	16
166001	3	47	29	10	3
166001	4	56	32	9	5
166001	5	81	43	8	5
166001	6	127	92	17	10
166001	7	109	77	21	7
166001	8	55	39	7	4
166001	9	72	52	15	9
166501	0	89	38	15	4
166501	1	56	33	9	2
166501	2	178	112	32	15
166501	3	51	31	9	3
166501	4	50	30	10	6
166501	5	79	43	19	5
166501	6	130	92	16	8
166501	7	111	78	18	7
166501	8	56	40	8	5
166501	9	68	51	15	7
167001	0	94	41	9	7
167001	1	58	34	2	6
167001	2	187	119	28	9
167001	3	50	30	6	5
167001	4	55	32	9	2
167001	5	85	47	10	5
167001	6	127	90	21	10
167001	7	111	72	19	12
167001	8	56	38	7	4
167001	9	69	53	17	6
167501	0	88	40	13	6
167501	1	57	34	5	4
167501	2	185	112	37	12
167501	3	51	33	5	1
167501	4	57	31	10	3
167501	5	80	45	12	6
167501	6	122	81	25	11
167501	7	112	79	14	9
167501	8	56	43	6	2
167501	9	73	49	14	9
168001	0	86	39	19	2
168001	1	55	34	6	2
168001	2	181	113	39	17
168001	3	51	32	10	2
168001	4	53	32	12	3
168001	5	77	45	17	5
168001	6	125	89	26	12
168001	7	110	75	14	9
168001	8	53	38	14	5
168001	9	69	50	14	11
168501	0	86	39	16	8
168501	1	56	35	8	5
168501	2	183	111	49	16
168501	3	51	33	7	4
168501	4	55	32	11	2
168501	5	77	41	16	8
168501	6	117	89	28	15
168501	7	105	79	20	8
168501	8	58	41	8	6
168501	9	73	50	10	8
169001	0	91	41	15	7
169001	1	56	34	10	3
169001	2	183	114	31	15
169001	3	54	32	6	3
169001	4	53	32	10	6
169001	5	78	42	19	4
169001	6	123	89	20	12
169001	7	106	77	16	8
169001	8	55	42	11	5
169001	9	72	51	12	4
169501	0	92	42	16	5
169501	1	54	32	8	2
169501	2	187	116	27	14
169501	3	51	31	8	1
169501	4	55	33	3	5
169501	5	79	46	12	7
169501	6	121	88	22	12
169501	7	109	78	14	10
169501	8	59	36	8	3
169501	9	68	54	14	9
170001	0	90	39	21	7
170001	1	59	36	3	3
170001	2	182	112	38	16
170001	3	48	32	8	5
170001	4	54	31	12	8
170001	5	79	46	15	6
170001	6	128	88	29	9
170001	7	108	73	25	10
170001	8	57	41	9	4
170001	9	70	53	9	5
170501	0	94	44	11	5
170501	1	54	34	12	3
170501	2	184	118	36	11
170501	3	48	32	10	1
170501	4	54	31	6	5
170501	5	84	46	12	6
170501	6	129	84	25	8
170501	7	107	75	17	11
170501	8	58	40	6	3
170501	9	75	56	18	5
171001	0	88	43	16	8
171001	1	56	31	11	5
171001	2	189	118	41	7
171001	3	50	33	10	1
171001	4	53	33	10	2
171001	5	80	46	13	6
171001	6	120	84	30	8
171001	7	110	73	16	9
171001	8	60	39	7	3
171001	9	76	55	11	5
171501	0	92	44	16	9
171501	1	54	35	15	3
171501	2	183	119	44	12
171501	3	50	33	14	3
171501	4	54	31	9	4
171501	5	86	48	10	2
171501	6	122	86	31	10
171501	7	109	72	22	13
171501	8	61	43	4	5
171501	9	67	52	15	7
172001	0	91	40	11	7
172001	1	56	34	7	5
172001	2	187	115	36	12
172001	3	48	32	11	6
172001	4	49	32	12	6
172001	5	81	48	8	3
172001	6	130	91	27	14
172001	7	109	76	15	8
172001	8	54	35	12	6
172001	9	74	54	13	5
172501	0	94	41	9	8
172501	1	58	36	10	3
172501	2	198	120	21	10
172501	3	52	33	6	1
172501	4	51	33	13	3
172501	5	79	46	15	7
172501	6	130	86	26	8
172501	7	110	76	22	10
172501	8	56	39	6	6
172501	9	77	53	10	6
173001	0	93	41	12	8
173001	1	57	33	11	5
173001	2	192	112	38	14
173001	3	49	31	7	4
173001	4	54	32	7	8
173001	5	80	45	12	4
173001	6	124	88	28	9
173001	7	109	73	16	9
173001	8	58	40	6	8
173001	9	74	54	12	4
173501	0	97	44	8	7
173501	1	51	34	9	5
173501	2	189	122	29	14
173501	3	53	33	10	4
173501	4	56	28	12	7
173501	5	81	45	13	6
173501	6	121	80	38	13
173501	7	106	77	15	9
173501	8	53	40	11	5
173501	9	79	52	8	6
174001	0	98	43	5	9
174001	1	55	35	7	2
174001	2	190	118	28	22
174001	3	49	30	9	4
174001	4	53	31	8	4
174001	5	80	41	14	4
174001	6	127	88	24	9
174001	7	115	73	16	11
174001	8	55	38	8	6
174001	9	76	57	9	6
174501	0	94	43	9	4
174501	1	55	32	11	3
174501	2	184	117	39	23
174501	3	48	32	10	3
174501	4	56	33	10	4
174501	5	80	45	19	8
174501	6	130	89	31	9
174501	7	111	73	14	6
174501	8	58	38	5	6
174501	9	78	56	5	4
175001	0	91	37	14	9
175001	1	53	34	7	4
175001	2	182	113	42	15
175001	3	55	32	10	5
175001	4	55	31	10	6
175001	5	80	44	12	5
175001	6	127	87	40	15
175001	7	114	74	16	14
175001	8	56	37	10	6
175001	9	74	57	6	6
175501	0	95	43	12	2
175501	1	55	36	11	2
175501	2	184	119	30	10
175501	3	53	35	6	3
175501	4	56	31	7	3
175501	5	81	47	15	4
175501	6	128	89	20	9
175501	7	110	73	16	9
175501	8	60	39	10	8
175501	9	74	57	7	4
176001	0	93	41	8	2
176001	1	56	35	8	3
176001	2	189	115	31	16
176001	3	53	33	9	5
176001	4	55	31	10	4
176001	5	82	45	20	7
176001	6	120	88	26	6
176001	7	112	76	12	9
176001	8	60	37	11	4
176001	9	78	59	9	3
176501	0	94	41	16	5
176501	1	58	36	8	2
176501	2	180	116	39	11
176501	3	53	29	7	9
176501	4	57	32	8	2
176501	5	77	45	24	7
176501	6	133	89	20	7
176501	7	114	74	23	9
176501	8	60	40	6	5
176501	9	77	56	11	7
177001	0	93	39	14	3
177001	1	53	34	12	2
177001	2	189	119	33	15
177001	3	48	32	9	3
177001	4	58	32	7	1
177001	5	76	45	19	4
177001	6	131	87	19	13
177001	7	112	73	24	5
177001	8	62	39	7	4
177001	9	75	56	13	3
177501	0	98	43	10	2
177501	1	57	37	7	3
177501	2	199	120	26	11
177501	3	48	29	10	6
177501	4	57	33	17	5
177501	5	79	47	13	6
177501	6	135	90	21	9
177501	7	111	77	20	6
177501	8	58	40	7	3
177501	9	75	54	8	6
178001	0	95	43	13	4
178001	1	55	35	10	3
178001	2	201	125	26	12
178001	3	52	35	8	4
178001	4	58	32	8	3
178001	5	84	47	13	9
178001	6	139	95	21	10
178001	7	109	75	16	9
178001	8	56	43	7	3
178001	9	76	54	14	5
178501	0	95	43	7	4
178501	1	57	36	9	5
178501	2	197	129	17	11
178501	3	52	34	4	5
178501	4	58	31	6	5
178501	5	79	48	18	6
178501	6	136	89	14	8
178501	7	116	78	12	10
178501	8	58	39	10	5
178501	9	77	60	8	3
179001	0	94	39	18	3
179001	1	55	33	14	2
179001	2	192	118	27	14
179001	3	52	34	11	7
179001	4	57	32	5	6
179001	5	84	43	21	9
179001	6	130	91	30	11
179001	7	113	77	19	10
179001	8	54	36	17	2
179001	9	78	54	13	7
179501	0	98	43	10	8
179501	1	58	33	13	3
179501	2	186	119	42	13
179501	3	45	32	12	5
179501	4	55	30	5	10
179501	5	83	40	20	2
179501	6	134	92	24	7
179501	7	111	81	15	5
179501	8	58	39	8	7
179501	9	71	57	21	7
180001	0	99	43	7	3
180001	1	63	33	11	2
180001	2	192	128	28	11
180001	3	54	37	5	3
180001	4	55	31	10	1
180001	5	85	46	14	2
180001	6	139	94	18	6
180001	7	116	77	11	9
180001	8	58	38	7	8
180001	9	74	59	14	1
180501	0	90	40	17	9
180501	1	62	36	7	4
180501	2	198	124	34	11
180501	3	52	35	8	3
180501	4	57	33	7	4
180501	5	87	46	14	5
180501	6	141	95	19	10
180501	7	114	76	14	11
180501	8	59	43	5	2
180501	9	76	61	15	3
181001	0	94	42	13	7
181001	1	60	34	5	3
181001	2	190	123	33	13
181001	3	54	36	4	1
181001	4	56	31	6	4
181001	5	85	47	19	2
181001	6	142	90	18	8
181001	7	119	79	15	8
181001	8	60	43	8	3
181001	9	71	57	19	7
181501	0	94	40	16	9
181501	1	61	32	9	5
181501	2	197	127	25	16
181501	3	53	35	4	2
181501	4	56	29	7	7
181501	5	84	48	12	5
181501	6	138	88	19	10
181501	7	117	76	14	10
181501	8	59	40	7	4
181501	9	71	57	17	5
182001	0	91	42	15	6
182001	1	62	36	8	5
182001	2	191	117	37	17
182001	3	54	36	12	1
182001	4	52	31	14	4
182001	5	83	47	15	4
182001	6	138	88	26	6
182001	7	112	71	21	20
182001	8	59	43	14	6
182001	9	73	57	19	7
182501	0	87	42	20	5
182501	1	59	34	5	3
182501	2	192	124	34	19
182501	3	54	34	6	1
182501	4	53	33	10	5
182501	5	88	45	13	6
182501	6	138	89	25	5
182501	7	114	81	21	8
182501	8	61	42	8	4
182501	9	72	56	13	10
183001	0	94	45	17	5
183001	1	55	36	9	5
183001	2	196	122	29	14
183001	3	53	31	6	8
183001	4	50	31	9	6
183001	5	84	45	15	5
183001	6	140	90	28	12
183001	7	116	77	20	12
183001	8	63	44	5	2
183001	9	73	58	15	7
183501	0	99	43	13	7
183501	1	59	35	8	2
183501	2	197	127	27	14
183501	3	54	36	5	5
183501	4	55	33	6	3
183501	5	87	48	12	5
183501	6	141	91	18	9
183501	7	113	76	21	15
183501	8	57	40	6	4
183501	9	73	58	21	7
184001	0	100	45	15	7
184001	1	62	36	6	4
184001	2	188	123	39	16
184001	3	55	35	5	6
184001	4	53	32	6	6
184001	5	79	49	24	15
184001	6	138	89	26	11
184001	7	115	77	15	9
184001	8	56	43	8	3
184001	9	76	62	11	5
184501	0	92	41	21	7
184501	1	59	38	7	6
184501	2	192	126	33	15
184501	3	51	35	9	4
184501	4	52	33	10	4
184501	5	82	48	19	10
184501	6	134	89	28	11
184501	7	115	79	21	12
184501	8	58	41	8	4
184501	9	74	59	17	5
185001	0	97	43	22	13
185001	1	57	36	9	6
185001	2	189	116	41	25
185001	3	53	33	8	6
185001	4	52	31	9	5
185001	5	77	46	25	9
185001	6	136	93	35	9
185001	7	117	76	16	11
185001	8	54	40	15	5
185001	9	75	59	15	10
185501	0	93	41	20	15
185501	1	61	38	9	4
185501	2	192	117	38	23
185501	3	50	35	5	6
185501	4	49	28	22	3
185501	5	81	49	20	7
185501	6	144	94	21	7
185501	7	117	80	14	11
185501	8	57	42	12	4
185501	9	71	56	18	12
186001	0	89	41	18	10
186001	1	56	37	11	7
186001	2	202	129	32	22
186001	3	51	36	5	7
186001	4	50	31	9	6
186001	5	84	53	16	5
186001	6	142	91	25	7
186001	7	114	82	15	9
186001	8	58	45	10	2
186001	9	75	59	11	6
186501	0	98	42	9	8
186501	1	59	37	7	2
186501	2	203	129	29	11
186501	3	54	39	6	2
186501	4	55	36	5	5
186501	5	84	56	12	3
186501	6	138	94	23	14
186501	7	115	80	21	9
186501	8	60	41	9	3
186501	9	75	58	14	5
187001	0	98	45	10	5
187001	1	57	33	12	4
187001	2	194	126	33	18
187001	3	53	37	11	4
187001	4	55	34	8	3
187001	5	82	53	17	2
187001	6	148	95	25	14
187001	7	110	83	11	8
187001	8	59	46	10	1
187001	9	73	60	8	8
187501	0	99	44	9	7
187501	1	60	35	10	3
187501	2	202	128	36	17
187501	3	52	36	3	8
187501	4	54	35	5	4
187501	5	88	54	9	7
187501	6	142	95	33	9
187501	7	112	78	18	15
187501	8	58	46	9	4
187501	9	78	61	9	8
188001	0	95	42	14	6
188001	1	64	40	4	3
188001	2	200	128	32	9
188001	3	50	35	9	6
188001	4	51	33	9	7
188001	5	86	56	9	3
188001	6	145	93	22	7
188001	7	109	81	18	6
188001	8	59	44	9	4
188001	9	76	64	14	1
188501	0	88	42	22	6
188501	1	61	40	12	0
188501	2	202	134	24	6
188501	3	50	35	7	4
188501	4	51	32	14	2
188501	5	82	56	14	4
188501	6	144	93	23	9
188501	7	120	81	14	10
188501	8	60	45	9	4
188501	9	74	63	13	8
189001	0	92	47	18	3
189001	1	59	33	8	3
189001	2	198	131	24	18
189001	3	48	38	13	8
189001	4	54	34	8	4
189001	5	78	53	15	9
189001	6	148	95	17	7
189001	7	109	83	21	7
189001	8	60	43	7	2
189001	9	76	57	15	7
189501	0	91	41	28	4
189501	1	61	37	6	3
189501	2	200	125	31	13
189501	3	51	35	6	8
189501	4	55	36	5	5
189501	5	82	56	21	6
189501	6	145	89	33	11
189501	7	117	81	11	7
189501	8	57	45	11	2
189501	9	76	57	13	10
190001	0	97	41	16	7
190001	1	62	36	7	1
190001	2	203	129	30	16
190001	3	51	32	8	7
190001	4	55	38	10	3
190001	5	78	55	20	6
190001	6	149	93	17	9
190001	7	118	82	11	6
190001	8	59	46	10	4
190001	9	72	60	14	9
190501	0	96	47	13	2
190501	1	65	37	7	1
190501	2	207	135	24	11
190501	3	55	38	2	3
190501	4	57	36	5	6
190501	5	89	54	5	7
190501	6	155	96	14	2
190501	7	116	84	16	9
190501	8	63	47	7	4
190501	9	75	62	13	5
191001	0	96	43	19	3
191001	1	64	38	6	4
191001	2	209	129	25	13
191001	3	50	37	9	6
191001	4	57	35	13	3
191001	5	82	50	19	6
191001	6	143	93	35	9
191001	7	115	86	13	12
191001	8	64	47	3	6
191001	9	77	60	7	4
191501	0	100	45	13	4
191501	1	59	39	10	2
191501	2	203	130	38	19
191501	3	54	40	6	3
191501	4	52	34	14	4
191501	5	86	59	10	1
191501	6	151	94	21	8
191501	7	118	82	16	4
191501	8	61	44	11	3
191501	9	73	58	14	7
192001	0	101	45	12	2
192001	1	59	38	10	0
192001	2	210	134	28	14
192001	3	51	36	8	4
192001	4	56	36	7	4
192001	5	85	60	15	6
192001	6	147	96	20	8
192001	7	114	84	20	6
192001	8	67	45	9	1
192001	9	77	59	16	5
192501	0	99	45	17	4
192501	1	59	35	14	4
192501	2	207	139	24	8
192501	3	51	39	8	4
192501	4	56	33	7	7
192501	5	88	53	14	7
192501	6	149	94	20	10
192501	7	115	84	15	13
192501	8	58	48	16	2
192501	9	76	60	12	5
193001	0	99	47	12	6
193001	1	62	39	9	3
193001	2	202	134	29	17
193001	3	53	38	7	1
193001	4	57	36	7	3
193001	5	89	54	9	5
193001	6	151	98	18	4
193001	7	119	82	14	8
193001	8	61	48	9	2
193001	9	75	58	12	6
193501	0	97	44	11	4
193501	1	60	37	6	4
193501	2	210	140	16	12
193501	3	54	40	6	1
193501	4	55	37	6	1
193501	5	87	61	13	7
193501	6	150	96	14	7
193501	7	118	86	7	8
193501	8	61	46	7	11
193501	9	75	57	10	10
194001	0	99	48	9	3
194001	1	63	40	6	2
194001	2	213	136	25	12
194001	3	59	40	3	4
194001	4	56	34	7	6
194001	5	84	56	14	2
194001	6	151	98	13	6
194001	7	115	86	14	9
194001	8	65	48	7	3
194001	9	80	57	7	10
194501	0	100	47	15	3
194501	1	58	34	9	5
194501	2	204	136	31	10
194501	3	56	38	6	2
194501	4	54	35	10	4
194501	5	84	57	16	5
194501	6	145	94	17	8
194501	7	111	81	17	11
194501	8	64	47	5	5
194501	9	81	53	10	8
195001	0	102	45	17	4
195001	1	60	37	6	2
195001	2	211	137	31	16
195001	3	50	38	9	2
195001	4	53	33	11	9
195001	5	89	59	13	5
195001	6	151	97	20	11
195001	7	115	83	19	10
195001	8	61	46	8	2
195001	9	79	58	14	6
195501	0	100	46	19	7
195501	1	63	39	3	3
195501	2	208	136	34	15
195501	3	52	37	6	5
195501	4	58	34	4	9
195501	5	85	56	20	6
195501	6	152	100	15	13
195501	7	112	81	12	14
195501	8	63	47	6	5
195501	9	79	57	11	7
196001	0	98	45	7	7
196001	1	62	36	3	5
196001	2	207	138	35	20
196001	3	55	39	5	3
196001	4	56	33	9	5
196001	5	90	60	12	8
196001	6	135	92	31	13
196001	7	112	82	14	13
196001	8	63	46	12	1
196001	9	83	58	8	10
196501	0	103	44	15	7
196501	1	58	37	8	4
196501	2	201	135	36	10
196501	3	58	39	6	4
196501	4	55	32	14	6
196501	5	82	54	21	9
196501	6	152	97	25	9
196501	7	106	82	17	11
196501	8	65	46	6	4
196501	9	82	60	8	13
197001	0	98	43	19	6
197001	1	59	38	10	5
197001	2	196	131	45	10
197001	3	59	39	2	2
197001	4	59	36	11	6
197001	5	88	57	18	9
197001	6	145	94	22	9
197001	7	113	80	16	10
197001	8	64	47	5	3
197001	9	76	59	10	8
197501	0	104	45	11	3
197501	1	63	39	4	1
197501	2	209	140	29	10
197501	3	59	40	3	4
197501	4	57	34	6	3
197501	5	94	63	7	5
197501	6	148	101	15	7
197501	7	117	86	8	10
197501	8	65	43	5	4
197501	9	81	61	11	2
198001	0	100	48	14	4
198001	1	61	39	11	3
198001	2	211	139	23	12
198001	3	55	40	5	2
198001	4	60	36	8	4
198001	5	88	59	16	3
198001	6	148	92	23	10
198001	7	113	84	19	7
198001	8	63	47	4	6
198001	9	77	57	20	4
198501	0	104	46	9	5
198501	1	54	36	16	3
198501	2	207	136	26	13
198501	3	57	37	7	3
198501	4	58	34	9	3
198501	5	85	60	18	2
198501	6	151	93	15	4
198501	7	116	85	15	10
198501	8	65	45	6	5
198501	9	83	59	15	6
199001	0	99	45	14	5
199001	1	59	39	10	2
199001	2	205	138	36	13
199001	3	53	38	11	5
199001	4	58	33	8	3
199001	5	88	61	13	9
199001	6	152	99	22	10
199001	7	116	89	10	11
199001	8	63	44	6	4
199001	9	82	60	9	10
199501	0	97	49	12	6
199501	1	64	40	6	6
199501	2	211	144	27	12
199501	3	55	37	9	2
199501	4	59	32	12	5
199501	5	89	59	8	5
199501	6	149	93	20	11
199501	7	114	85	20	11
199501	8	62	46	12	2
199501	9	76	59	13	5
200001	0	104	47	18	6
200001	1	61	34	10	2
200001	2	213	138	26	11
200001	3	52	36	11	3
200001	4	61	35	8	5
200001	5	89	59	13	8
200001	6	146	102	23	6
200001	7	115	87	15	6
200001	8	65	48	8	1
200001	9	80	60	13	6
