RED_NP_217278	RED_NP_267306	RED_NP_297275	RED_NP_349605	RED_NP_471321	RED_NP_641196	RED_NP_883118	RED_YP_001312015	RED_YP_001454852	RED_YP_002505644	RED_YP_002996559	RED_YP_003068918	RED_YP_069170	RED_YP_115129	RED_YP_342295	RED_YP_818239	RED_YP_928696	RED_ZP_04443390	RED_ZP_04617065	RED_ZP_04674563	BLK_AAA22853	BLK_ABC47008	BLK_CAA58993	BLK_NP_246832	BLK_NP_747233	BLK_YP_002274348	BLK_YP_002932150	BLK_YP_003262789	BLK_YP_003518975	BLK_YP_203667	BLK_YP_315797	BLK_YP_341143	BLK_YP_785039	BLK_YP_804567	BLK_YP_857866	BLK_ZP_01544314	BLK_ZP_02464292	BLK_ZP_04783600	BLK_ZP_05320398	BLK_ZP_06186569	BLK_ZP_06350196
nan	nan	nan	nan	nan	nan	nan	nan	nan	nan	nan	nan	nan	nan	nan	nan	nan	nan	nan	nan	nan	nan	nan	nan	nan	nan	nan	nan	nan	nan	nan	nan	nan	nan	nan	nan	nan	nan	nan	nan	nan
nan	nan	nan	nan	nan	nan	nan	nan	nan	nan	nan	nan	nan	nan	nan	nan	nan	nan	nan	nan	nan	nan	nan	nan	nan	nan	nan	nan	nan	nan	nan	nan	nan	nan	nan	nan	nan	nan	nan	nan	nan
nan	nan	nan	nan	nan	nan	nan	nan	nan	nan	nan	nan	nan	nan	nan	nan	nan	nan	nan	nan	nan	nan	nan	nan	nan	nan	nan	nan	nan	nan	nan	nan	nan	nan	nan	nan	nan	nan	nan	nan	nan
nan	nan	nan	nan	nan	nan	nan	nan	nan	nan	nan	nan	nan	nan	nan	nan	nan	nan	nan	nan	nan	nan	nan	nan	nan	nan	nan	nan	nan	nan	nan	nan	nan	nan	nan	nan	nan	nan	nan	nan	nan
nan	nan	nan	nan	nan	nan	nan	nan	nan	nan	nan	nan	nan	nan	nan	nan	nan	nan	nan	nan	nan	nan	nan	nan	nan	nan	nan	nan	nan	nan	nan	nan	nan	nan	nan	nan	nan	nan	nan	nan	nan
nan	nan	nan	nan	nan	nan	nan	nan	nan	nan	nan	nan	nan	nan	nan	nan	nan	nan	nan	nan	nan	nan	nan	nan	nan	nan	nan	nan	nan	nan	nan	nan	nan	nan	nan	nan	nan	nan	nan	nan	nan
nan	nan	nan	nan	nan	nan	nan	nan	nan	nan	nan	nan	nan	nan	nan	nan	nan	nan	nan	nan	nan	nan	nan	nan	nan	nan	nan	nan	nan	nan	nan	nan	nan	nan	nan	nan	nan	nan	nan	nan	nan
nan	nan	nan	nan	nan	nan	nan	nan	nan	nan	nan	nan	nan	nan	nan	nan	nan	nan	nan	nan	nan	nan	nan	nan	nan	nan	nan	nan	nan	nan	nan	nan	nan	nan	nan	nan	nan	nan	nan	nan	nan
nan	nan	nan	nan	nan	nan	nan	nan	nan	nan	nan	2.89	nan	nan	nan	nan	nan	nan	nan	nan	nan	nan	nan	nan	nan	nan	nan	nan	nan	nan	nan	nan	nan	nan	nan	nan	nan	nan	nan	nan	nan
nan	nan	nan	nan	nan	nan	5.79	nan	nan	nan	12.08	nan	nan	nan	nan	nan	nan	nan	nan	nan	nan	nan	nan	nan	nan	nan	nan	nan	nan	nan	nan	nan	nan	nan	nan	nan	nan	nan	nan	nan	nan
nan	nan	0.0	nan	nan	4.28	2.14	nan	nan	nan	2.39	nan	4.65	nan	0.75	nan	0.75	nan	4.53	nan	nan	0.25	5.16	5.53	0.38	4.28	4.53	0.75	nan	nan	nan	nan	2.39	nan	0.63	nan	nan	nan	5.91	nan	nan
6.79	0.38	1.26	13.46	3.65	4.03	0.13	6.79	13.08	13.71	0.0	nan	0.25	4.03	0.25	nan	0.38	11.95	2.39	nan	3.9	0.5	2.77	2.77	2.89	3.52	0.5	0.5	6.92	nan	2.64	nan	2.52	nan	2.01	13.71	13.84	4.78	2.39	nan	nan
0.0	0.0	0.13	0.0	0.0	0.0	1.51	0.0	0.0	0.0	0.0	0.0	0.0	0.0	0.0	0.0	0.0	0.0	0.0	nan	0.0	0.0	0.0	0.0	0.0	0.0	0.0	0.0	0.0	nan	0.0	nan	0.0	0.0	0.0	0.0	0.0	0.25	0.0	0.0	0.0
0.0	0.0	0.0	0.0	0.0	0.0	0.0	0.0	0.0	0.0	0.0	0.0	0.0	0.0	0.0	0.0	0.0	0.0	0.0	0.5	0.0	0.0	0.0	0.0	0.0	0.0	0.0	0.13	0.0	nan	0.0	nan	0.0	0.0	0.0	0.0	0.0	0.0	0.0	0.0	0.0
0.0	4.4	1.64	0.0	0.0	0.0	0.0	0.0	0.0	0.0	0.0	0.0	0.0	0.0	0.0	0.0	0.0	0.0	0.0	0.0	0.0	0.0	0.0	0.0	0.0	0.0	0.0	0.0	0.0	0.0	0.0	nan	0.0	0.0	0.0	0.0	0.0	0.0	0.0	0.0	0.0
0.0	0.0	0.0	0.0	0.0	0.0	0.0	0.0	0.0	0.0	0.0	0.0	0.0	0.0	0.0	0.0	0.0	0.0	0.0	0.0	0.13	0.0	0.0	0.0	0.0	0.0	0.0	0.0	0.0	0.0	0.0	nan	0.0	0.0	0.0	0.0	0.0	0.0	0.0	0.0	0.0
2.01	6.29	1.89	6.42	4.53	0.0	6.54	0.0	1.51	6.29	6.16	5.28	0.38	4.91	5.03	6.29	5.03	6.42	0.5	7.04	6.54	4.28	0.13	1.64	5.66	0.75	0.38	5.91	0.5	5.53	5.41	nan	6.67	0.0	5.41	6.79	4.78	6.79	0.5	5.66	4.65
0.0	0.0	0.0	0.0	0.0	0.0	0.0	0.0	0.0	0.0	0.0	0.0	0.0	0.0	0.0	0.0	0.0	0.0	0.0	0.0	0.0	0.0	0.0	0.0	0.0	0.0	0.0	0.0	0.0	0.0	0.0	nan	0.0	0.0	0.0	0.0	0.0	0.0	0.0	0.0	0.0
0.0	0.0	0.0	0.0	0.0	0.0	0.0	0.0	0.0	0.0	0.0	0.0	0.0	0.0	0.0	0.0	0.0	0.0	0.0	0.0	0.0	0.0	0.0	0.0	0.0	0.0	0.0	0.0	0.0	0.0	0.0	0.0	0.0	0.0	0.0	0.0	0.0	0.0	0.0	0.5	0.0
0.0	0.0	0.0	0.0	0.0	0.0	0.0	0.0	0.0	1.26	0.0	0.0	0.0	0.0	0.0	0.0	0.0	0.0	0.0	0.0	0.0	0.0	0.0	0.0	0.0	0.0	0.0	0.0	0.0	0.0	0.0	0.0	0.0	0.0	0.0	0.0	0.0	0.0	0.0	0.0	0.0
0.25	3.27	11.45	7.67	7.8	7.3	0.0	0.13	6.04	6.79	3.14	7.55	8.3	7.42	6.67	6.54	4.53	8.43	8.3	9.81	9.69	1.76	6.79	5.16	3.65	7.67	8.43	6.79	8.43	7.3	7.17	4.4	7.42	2.26	3.4	7.04	6.92	5.66	12.45	7.8	8.05
9.18	6.29	2.14	3.02	6.42	0.13	6.42	0.75	7.04	4.03	6.29	10.57	0.63	10.19	9.81	2.39	10.19	4.15	0.63	2.26	4.53	4.53	0.25	0.13	10.19	3.77	1.13	11.32	0.88	9.43	10.19	9.31	10.32	5.28	9.94	3.52	4.15	12.2	2.52	5.41	3.9
10.69	8.55	15.22	0.0	7.17	0.0	5.66	0.0	0.75	0.0	9.18	10.94	0.0	0.5	0.0	0.0	0.38	6.29	0.0	11.82	0.0	7.93	0.0	0.0	0.38	0.0	0.0	0.25	0.0	0.5	0.25	0.0	0.5	0.0	0.5	0.0	8.43	8.55	0.0	14.97	0.0
0.0	0.0	0.0	0.0	0.0	0.0	0.0	0.0	0.0	0.0	0.0	0.0	0.0	0.0	0.0	0.0	0.0	0.0	0.0	0.0	0.0	0.0	0.0	0.0	0.0	0.0	0.0	0.0	0.0	0.0	0.0	0.0	0.0	0.38	0.0	0.0	0.0	0.0	0.0	0.75	0.0
0.0	0.0	0.0	0.0	0.0	0.0	0.0	0.0	0.0	0.0	0.0	0.0	0.0	0.0	0.0	0.0	0.0	0.0	0.0	0.0	0.0	0.0	0.0	0.0	0.0	0.0	0.0	0.0	0.0	0.0	0.0	0.13	0.0	0.0	0.0	0.0	0.0	0.0	0.0	0.25	0.0
0.0	8.3	7.17	10.19	6.79	28.68	16.48	34.34	0.0	9.56	8.55	9.06	34.85	7.67	7.3	4.78	7.93	5.16	34.85	2.89	4.78	5.03	34.85	34.97	8.3	0.0	35.1	8.55	34.85	7.8	8.18	7.93	8.68	5.41	7.93	5.28	9.43	0.0	35.1	10.69	9.18
2.77	0.0	8.81	0.0	0.0	0.75	6.16	1.38	0.0	0.0	0.0	0.0	0.88	0.0	0.0	0.0	0.0	0.0	0.88	0.0	0.0	0.0	1.01	1.01	0.0	0.0	0.5	0.0	0.88	0.0	0.0	0.0	0.0	0.0	0.0	0.0	0.0	0.0	3.02	0.0	0.0
36.1	11.7	10.69	1.89	6.92	5.03	11.95	4.78	8.43	8.18	7.42	6.42	6.92	6.42	6.67	6.54	5.41	5.79	6.92	6.04	6.92	25.66	4.91	4.91	6.54	2.14	4.91	5.91	7.04	6.16	2.39	6.29	6.42	4.15	5.66	5.41	6.04	6.29	5.28	6.16	2.26
23.52	11.57	35.47	6.54	8.18	4.91	12.08	4.78	0.0	6.79	31.32	7.55	5.41	7.55	13.08	35.1	7.3	7.3	5.41	6.54	5.91	11.82	4.91	4.91	7.42	2.01	4.91	7.67	5.41	7.3	7.55	7.42	7.42	12.45	7.42	6.92	6.67	3.52	4.91	6.79	34.22
2.14	6.42	2.14	4.65	2.01	0.0	1.64	0.0	5.53	4.53	4.4	0.88	2.26	1.01	3.14	24.03	0.5	4.15	2.26	0.88	2.26	0.38	2.26	2.26	0.88	0.0	2.26	0.88	2.39	0.5	0.75	0.88	0.88	2.14	0.5	4.53	4.53	0.63	4.15	4.4	4.4
0.0	0.0	0.0	0.13	0.0	0.0	0.0	0.0	0.0	0.0	0.0	0.0	0.0	0.0	0.0	0.0	0.0	0.0	0.0	0.0	0.0	0.0	0.0	0.0	0.0	0.0	0.0	0.0	0.0	0.0	0.0	0.0	0.0	0.0	0.0	0.0	0.0	0.0	0.0	0.5	0.0
10.44	7.04	7.8	1.38	4.4	0.0	9.43	0.0	11.07	9.43	3.52	8.43	0.0	7.93	10.32	8.81	10.44	9.56	0.0	4.53	4.15	4.4	0.0	0.0	6.67	3.77	0.0	9.31	0.0	6.54	6.29	8.93	8.81	5.79	10.57	9.18	9.69	6.54	0.0	0.13	9.69
8.81	8.81	5.16	3.52	2.39	0.0	8.81	0.0	6.92	2.64	8.68	6.29	0.0	7.04	5.66	2.89	7.04	2.64	0.0	6.16	2.52	7.17	0.0	0.0	6.92	2.01	0.0	6.29	0.0	6.29	7.17	6.42	6.54	2.14	6.42	2.89	4.4	5.53	0.0	4.03	4.91
3.14	2.01	1.64	0.63	0.25	0.25	0.13	2.01	1.89	0.0	0.38	3.14	1.76	2.01	2.14	0.0	2.14	2.01	1.76	0.5	0.25	0.88	1.76	1.64	2.14	0.0	1.76	3.77	0.63	2.14	3.14	2.01	3.14	2.01	2.01	2.64	0.38	2.14	1.89	0.5	1.89
0.0	0.0	0.0	3.9	0.0	0.0	0.0	0.0	0.0	0.0	0.0	0.0	0.0	0.0	0.0	0.0	0.0	0.0	0.0	0.0	0.0	4.91	0.0	0.0	0.0	0.0	0.0	0.0	0.0	0.0	0.0	0.0	0.0	0.0	0.0	0.0	0.0	0.0	0.0	0.0	0.0
1.89	0.75	5.16	0.5	2.89	4.78	1.76	0.25	2.39	3.27	1.13	2.01	0.63	1.01	2.01	1.76	2.14	1.89	0.63	0.38	2.89	0.0	10.19	10.19	5.28	2.89	0.25	2.01	0.63	5.03	2.01	2.01	2.14	7.04	2.01	1.26	1.76	0.0	0.5	1.89	0.0
2.77	0.63	2.64	2.26	7.42	5.53	17.49	6.92	6.29	8.43	0.38	4.03	6.79	3.02	4.65	6.29	1.76	8.05	6.79	1.26	4.15	16.86	6.79	6.79	21.51	3.02	6.67	4.78	6.79	6.04	4.53	18.99	21.26	12.83	6.04	3.77	0.0	4.91	6.67	0.13	6.29
1.26	0.0	0.0	0.0	0.0	8.3	0.0	8.05	0.0	0.0	0.0	0.0	8.43	0.0	0.0	1.13	0.0	0.0	8.43	0.0	0.0	0.0	8.3	8.3	0.0	0.0	8.3	0.0	8.3	0.13	0.0	0.0	0.0	0.0	0.0	0.0	0.0	0.0	8.3	0.0	0.0
0.75	1.01	0.63	0.25	0.63	0.0	0.0	0.0	0.0	2.77	0.0	0.0	0.0	0.0	0.0	0.25	0.0	0.25	0.0	0.63	0.63	0.0	0.0	0.0	0.38	0.13	0.0	0.0	0.0	0.38	0.0	0.0	0.0	0.0	0.0	0.38	0.25	0.0	0.0	0.25	0.25
6.79	2.39	5.41	2.01	3.02	0.0	2.89	0.0	6.67	6.54	2.64	0.0	2.14	0.0	0.0	2.26	0.0	6.16	2.14	2.89	3.14	6.16	2.14	2.14	0.0	2.89	2.26	0.0	2.14	4.78	4.78	0.0	4.91	4.65	4.91	2.14	6.42	0.0	2.14	4.78	2.01
0.63	6.54	4.15	0.13	3.02	9.94	0.0	6.04	0.0	0.0	6.67	0.5	5.03	6.16	0.13	5.41	4.28	0.0	5.03	1.38	4.4	0.75	4.78	4.65	1.01	0.75	5.03	0.0	5.03	0.0	4.03	0.0	0.0	4.28	0.0	2.77	0.0	0.25	8.55	3.65	0.5
0.0	0.0	0.38	0.5	0.25	0.88	1.26	3.4	0.0	0.0	0.0	4.78	0.0	1.01	0.88	0.25	1.01	0.0	0.0	1.38	0.0	0.5	0.0	0.0	1.01	1.26	0.0	0.88	0.0	0.0	1.01	2.89	1.13	0.88	0.88	0.25	0.13	1.13	0.0	0.25	2.77
0.0	0.0	0.38	0.0	0.38	0.0	0.0	0.13	0.0	0.0	0.0	0.0	0.0	0.0	0.0	0.0	0.0	0.0	0.0	1.64	0.38	0.0	0.0	0.0	0.0	0.63	0.0	0.0	0.0	0.0	0.0	0.0	0.0	0.38	0.0	0.0	0.0	0.0	0.0	0.0	0.0
7.17	7.04	6.04	3.27	5.03	2.14	5.91	2.64	8.81	5.03	5.28	9.43	0.25	9.18	7.04	4.65	9.31	2.77	0.25	0.88	6.42	9.43	2.14	2.14	9.43	5.91	0.25	6.16	0.25	6.29	9.43	4.65	7.42	7.17	7.04	3.52	6.42	1.38	0.5	6.92	5.91
1.38	2.89	2.89	6.92	4.03	1.64	4.91	3.9	0.5	4.78	2.89	2.64	4.91	1.13	0.5	7.8	0.63	7.3	4.91	0.0	4.03	1.01	4.91	4.91	3.9	5.03	4.91	4.15	4.91	6.29	2.77	6.16	7.8	5.91	6.42	0.25	5.28	7.04	3.77	5.03	6.67
0.0	0.0	0.0	0.0	0.0	0.25	0.0	0.25	0.0	0.0	0.0	0.0	0.38	0.0	0.0	0.0	0.0	0.0	0.38	0.5	0.0	0.0	0.38	0.38	0.0	0.0	0.38	0.0	0.38	0.0	0.0	0.0	0.0	0.0	0.0	0.0	0.0	0.0	0.38	0.0	0.0
0.0	0.0	0.0	0.0	0.0	0.0	0.0	1.01	0.0	0.0	0.0	0.0	0.0	0.0	0.0	0.0	0.0	0.0	0.0	0.0	0.0	0.0	1.13	1.13	0.0	0.0	0.0	0.0	0.0	0.0	0.0	0.0	0.0	0.0	0.0	0.0	0.0	0.0	0.0	0.0	0.0
23.4	4.03	6.29	21.89	18.11	22.27	18.99	18.87	2.77	24.15	3.65	26.04	0.13	26.04	26.04	1.64	26.04	21.89	0.13	31.2	18.49	7.17	16.86	16.73	26.17	19.12	0.0	26.17	0.0	25.91	3.77	26.79	26.04	26.42	26.17	1.64	23.78	3.52	1.76	23.15	24.03
2.77	0.0	0.0	1.51	3.77	0.0	0.0	0.63	1.01	0.0	0.0	0.25	0.0	0.25	0.13	0.5	0.13	0.88	0.0	0.0	3.02	0.13	0.0	0.0	0.25	0.0	0.0	0.25	0.0	0.13	0.0	0.13	0.13	0.0	0.13	2.39	0.63	2.89	0.0	0.0	0.0
0.0	0.0	0.0	0.0	0.0	0.0	0.0	0.0	0.0	0.0	0.0	0.0	0.0	0.0	0.0	0.0	0.0	0.0	0.0	0.0	0.0	0.0	0.0	0.0	0.0	0.0	0.0	0.0	0.0	0.0	0.0	0.0	0.0	0.0	0.0	0.0	0.0	0.0	0.0	0.0	0.0
0.0	0.0	0.0	0.0	0.0	0.0	0.0	0.0	0.0	0.0	0.0	0.0	0.0	0.0	0.0	0.0	0.0	0.0	0.0	0.25	0.0	0.0	0.0	0.0	0.0	0.0	0.0	0.0	0.0	0.0	0.0	0.0	0.0	0.0	0.0	0.0	0.0	0.0	0.0	0.0	0.0
0.0	0.0	0.0	0.0	0.0	0.0	0.0	0.0	0.0	0.0	0.0	0.0	0.0	0.0	0.0	0.0	0.0	0.0	0.0	0.0	0.0	0.0	0.0	0.0	0.0	0.0	0.0	0.0	0.0	0.0	0.0	0.0	0.0	0.0	0.0	0.0	0.0	0.0	0.0	0.0	0.0
0.0	0.0	0.0	0.0	0.0	0.0	0.0	0.0	0.0	0.0	0.0	0.0	0.0	0.0	0.0	0.0	0.0	0.0	0.0	0.0	0.0	0.0	0.0	0.0	0.0	0.0	0.0	0.0	0.0	0.0	0.0	0.0	0.0	0.0	0.0	0.0	0.0	0.0	0.0	0.0	0.0
0.0	1.89	1.64	10.69	1.64	7.8	6.54	7.8	0.0	10.44	7.8	2.14	3.14	15.85	9.31	7.17	2.39	11.07	9.43	2.77	2.52	9.56	12.45	12.2	2.39	0.0	13.33	7.67	3.02	8.55	2.39	8.18	2.14	9.69	9.18	11.32	11.45	5.79	7.8	8.18	11.57
0.0	0.0	0.0	0.0	0.0	0.0	0.0	0.0	0.0	0.0	0.0	0.0	0.0	0.0	0.0	0.0	0.0	0.5	0.0	0.0	0.0	0.0	0.0	0.0	0.0	0.0	0.0	0.0	0.0	0.0	0.0	0.0	0.0	0.0	0.0	0.0	0.5	0.0	0.0	0.5	0.0
0.63	0.0	1.38	2.52	0.88	0.0	0.0	0.0	0.63	2.77	0.13	0.0	0.0	0.0	0.0	4.15	0.0	2.89	0.0	5.28	0.88	0.0	0.0	0.0	0.0	1.13	0.0	0.0	0.0	0.0	0.0	0.0	0.25	0.13	0.0	2.39	3.02	4.03	0.0	3.02	2.52
0.0	0.88	3.02	4.28	4.15	2.89	1.76	2.89	0.38	4.53	5.41	2.39	3.02	2.26	2.01	4.4	2.64	4.53	3.02	2.01	3.02	1.76	2.89	2.89	2.39	0.0	3.02	2.26	2.89	2.39	2.52	2.26	2.52	4.4	2.52	4.15	4.53	1.51	2.77	4.65	4.4
0.0	0.0	0.0	0.0	0.0	1.01	0.0	0.0	0.0	0.0	0.0	0.0	0.0	0.0	0.0	0.0	0.0	0.0	0.0	0.0	0.0	0.0	0.0	0.0	0.0	0.0	0.0	0.0	0.0	0.0	0.0	0.0	0.0	0.0	0.0	0.0	0.0	0.0	0.0	0.0	0.0
2.26	0.88	0.63	0.13	2.01	6.79	4.91	5.79	4.65	0.0	0.75	3.14	5.91	1.76	1.89	3.77	1.51	4.78	5.91	0.0	2.52	4.28	5.79	5.79	3.14	4.28	5.66	3.14	5.91	1.76	1.64	1.64	0.75	2.52	1.64	0.0	0.0	10.06	2.39	3.02	2.64
7.93	4.15	8.55	7.67	6.92	8.68	0.0	8.55	6.42	8.18	11.7	2.39	8.68	2.52	2.01	5.28	2.64	7.93	8.68	8.68	7.17	5.28	8.68	8.68	2.52	7.04	8.68	2.39	8.81	2.52	2.77	2.77	2.77	7.67	2.64	8.18	8.18	3.02	8.81	8.05	8.18
0.25	6.29	2.77	3.27	1.38	1.26	1.76	0.0	3.14	3.77	6.29	5.28	4.65	5.53	5.16	3.77	5.53	3.65	4.65	0.25	5.03	2.89	4.65	4.65	1.38	5.28	4.65	5.28	4.65	5.53	1.38	5.41	1.26	4.65	5.41	0.0	3.77	4.78	3.9	3.77	3.9
9.56	7.3	7.93	3.4	16.48	21.76	34.09	6.54	21.13	20.5	7.55	18.87	21.51	18.99	18.87	21.76	18.87	21.51	21.39	8.81	16.98	25.03	21.26	21.26	19.12	16.48	21.26	18.99	21.26	18.99	18.87	18.87	18.37	19.5	18.87	21.51	21.13	7.8	8.93	20.76	21.01
0.0	0.0	5.91	nan	nan	8.3	0.38	nan	0.0	0.13	0.0	1.89	0.0	7.55	2.39	nan	1.13	nan	0.0	3.27	0.0	nan	1.51	1.51	2.39	1.01	0.13	1.51	2.77	1.51	1.13	1.13	1.01	2.01	1.13	9.18	0.0	17.61	6.04	0.0	0.0
8.68	6.79	4.91	23.78	1.64	1.13	0.0	10.32	0.0	0.13	6.79	0.0	0.0	0.0	0.0	0.0	0.0	1.26	0.0	0.0	0.0	nan	0.0	0.0	0.0	0.0	0.0	0.0	0.0	0.0	0.0	0.0	0.0	0.0	0.0	6.79	0.13	3.9	0.25	0.13	0.88
0.0	nan	nan	nan	nan	nan	nan	nan	nan	nan	nan	nan	nan	nan	nan	nan	nan	nan	nan	nan	nan	nan	nan	nan	nan	nan	nan	nan	nan	nan	nan	nan	nan	nan	nan	nan	nan	nan	nan	nan	nan
0.0	nan	nan	nan	nan	nan	nan	nan	nan	nan	nan	nan	nan	nan	nan	nan	nan	nan	nan	nan	nan	nan	nan	nan	nan	nan	nan	nan	nan	nan	nan	nan	nan	nan	nan	nan	nan	nan	nan	nan	nan
0.0	2.01	1.26	0.38	0.0	nan	nan	0.0	nan	nan	0.38	nan	nan	nan	nan	0.0	nan	0.0	nan	0.13	nan	0.0	nan	nan	nan	nan	nan	nan	nan	nan	nan	nan	nan	nan	nan	0.0	nan	0.13	9.56	nan	nan
0.0	0.0	9.81	0.0	0.0	0.63	0.25	0.38	0.0	0.0	0.0	0.0	1.13	0.0	0.0	0.0	0.0	0.0	1.13	0.0	0.0	1.38	0.0	0.0	0.0	0.0	1.13	0.0	1.13	0.0	0.0	0.0	0.0	0.0	0.0	0.0	0.0	0.0	2.39	0.0	1.38
8.3	9.18	2.14	9.43	9.94	9.06	8.05	4.28	8.81	9.31	8.81	9.56	8.68	9.69	9.56	2.26	9.69	9.31	8.55	9.56	9.94	8.93	9.06	9.06	9.69	9.06	8.68	9.56	8.55	9.56	10.06	9.56	9.69	9.69	9.56	3.77	9.31	4.28	7.42	9.31	2.01
27.05	23.9	26.67	12.71	13.21	13.46	32.83	13.46	23.52	22.52	7.8	25.54	34.59	28.05	25.54	8.81	28.18	12.33	34.47	7.93	12.83	9.94	9.43	9.43	28.43	12.08	34.59	25.41	34.59	25.41	10.94	34.22	28.18	9.43	28.18	10.44	22.52	13.96	19.37	22.52	22.52
1.13	0.5	4.03	0.0	1.76	3.4	1.51	4.15	1.64	0.0	0.5	1.89	5.16	2.01	2.01	0.0	2.01	0.0	5.16	6.54	1.76	1.64	4.53	4.4	1.89	2.77	5.16	2.01	2.01	1.89	1.51	1.89	2.14	5.28	2.01	0.0	0.0	1.76	8.43	0.0	0.0
5.66	3.02	5.79	1.89	4.65	4.15	4.91	7.42	5.91	1.89	3.77	5.91	4.15	5.79	3.4	4.65	3.4	0.13	4.15	5.91	5.41	5.53	5.79	5.79	3.4	3.9	4.91	5.91	4.28	3.77	4.4	5.66	2.26	6.54	5.66	4.28	2.14	4.03	6.04	4.4	4.4
0.0	0.0	0.0	0.0	0.0	0.0	0.0	0.0	0.0	0.0	0.0	0.0	0.0	0.0	0.0	0.0	0.0	0.0	0.0	0.13	0.0	0.38	0.0	0.0	0.0	0.13	0.0	0.0	0.0	0.0	0.0	0.0	0.0	0.0	0.0	0.0	0.0	0.0	0.0	0.0	0.0
0.0	0.0	0.0	0.0	0.0	0.0	0.0	0.0	0.0	0.0	0.0	0.0	0.0	0.0	0.0	0.0	0.0	0.0	0.0	0.0	0.0	0.0	0.0	0.0	0.0	0.0	0.0	0.0	0.0	0.0	0.0	0.0	0.0	0.0	0.0	0.0	0.0	0.0	0.0	0.0	0.0
0.0	0.0	0.0	0.0	0.0	0.0	0.0	0.0	0.0	0.0	0.0	0.0	0.0	0.0	0.0	0.0	0.0	0.0	0.0	0.0	0.0	0.0	0.0	0.0	0.0	0.0	0.0	0.0	0.0	0.0	0.0	0.0	0.0	0.0	0.0	0.0	0.0	0.0	0.0	0.0	0.0
0.0	0.0	0.0	0.0	0.0	0.0	0.0	0.0	0.0	0.0	0.0	0.0	0.0	0.0	0.0	0.0	0.0	0.0	0.0	0.0	0.0	0.0	0.0	0.0	0.0	0.0	0.0	0.0	0.0	0.0	0.25	0.0	0.0	0.0	0.38	0.0	0.0	0.0	0.0	0.0	0.0
0.0	6.92	6.16	3.02	4.15	4.65	5.53	5.53	0.0	3.02	6.42	6.04	2.64	6.54	6.16	3.14	6.04	2.64	5.53	5.28	5.79	5.53	6.04	5.79	6.16	0.0	5.66	6.16	2.64	7.04	6.29	5.91	6.29	6.67	6.16	2.52	2.89	6.42	5.41	5.03	3.14
2.77	2.01	1.26	0.0	1.51	4.53	2.39	0.0	1.26	0.0	2.26	0.0	5.28	0.0	0.0	0.0	0.0	0.0	4.15	2.77	1.64	0.38	0.0	0.0	0.75	1.64	4.4	0.0	4.03	0.5	0.88	0.5	0.88	1.13	0.0	0.0	0.0	0.0	5.53	0.0	0.0
5.66	7.55	6.54	nan	5.79	3.9	0.0	2.01	0.75	5.91	7.55	4.03	0.0	4.03	2.89	6.67	6.04	2.77	0.0	0.13	4.03	nan	0.0	0.0	3.52	6.54	1.01	2.77	0.0	3.9	3.9	4.03	2.89	3.14	2.89	5.66	5.91	3.77	1.01	5.91	5.91
11.57	0.38	2.26	nan	0.0	29.81	10.06	3.14	6.29	0.75	6.79	8.18	10.06	9.43	9.69	0.0	7.93	0.0	10.19	1.13	3.65	2.26	9.56	9.56	9.56	0.0	9.94	9.69	10.06	6.42	9.18	4.65	9.81	10.06	9.06	0.0	2.77	0.0	10.06	0.0	2.77
1.38	6.92	4.4	5.28	5.53	5.53	6.79	2.64	3.9	27.8	4.65	6.04	3.77	6.54	6.04	1.51	6.29	6.92	3.65	5.53	2.64	4.4	0.0	0.0	27.42	27.3	3.52	6.29	3.65	4.53	6.04	6.67	6.04	5.03	6.16	1.89	7.93	6.16	0.0	12.2	8.68
nan	1.26	1.76	0.0	5.16	nan	nan	2.77	nan	nan	4.53	nan	nan	nan	nan	0.25	nan	2.64	nan	0.5	nan	6.29	nan	nan	nan	nan	nan	nan	nan	nan	nan	nan	nan	nan	nan	5.79	nan	1.38	nan	nan	2.01
nan	1.89	4.91	4.28	0.0	nan	nan	4.78	nan	nan	0.0	nan	nan	nan	nan	2.39	nan	0.75	nan	3.02	nan	7.3	nan	nan	nan	nan	nan	nan	nan	nan	nan	nan	nan	nan	nan	3.77	nan	0.0	nan	nan	6.67
2.14	0.0	6.67	3.9	4.4	4.91	4.53	5.16	5.28	4.28	3.65	3.65	5.03	1.89	1.64	2.01	1.64	1.76	5.28	2.01	5.66	3.14	1.13	3.65	2.89	1.89	5.66	1.26	4.15	3.27	1.64	2.01	1.64	4.28	1.64	0.75	7.04	5.03	1.26	0.0	4.78
1.64	0.25	0.5	1.38	6.92	6.54	27.93	1.01	nan	0.5	6.04	0.88	nan	0.0	0.0	4.4	1.51	8.68	nan	9.94	0.0	2.64	nan	nan	0.75	2.39	nan	0.0	nan	0.13	0.0	0.0	0.0	0.13	0.0	5.91	0.5	4.78	6.16	nan	0.0
1.01	0.5	nan	1.89	12.83	0.0	0.25	9.43	4.28	10.06	28.68	0.0	3.65	4.53	4.4	1.01	1.01	12.83	3.65	24.53	3.65	2.52	3.27	2.39	1.01	2.26	3.65	8.81	5.79	3.9	9.56	8.43	5.53	4.78	8.43	0.13	3.4	0.0	12.71	1.76	0.5
8.68	0.25	nan	6.04	nan	2.14	9.94	1.51	4.53	4.91	nan	9.43	1.64	7.67	7.3	11.07	8.05	nan	7.42	nan	8.55	0.75	1.01	1.13	8.3	7.55	3.52	4.15	1.89	5.16	5.03	5.79	7.93	6.79	5.28	7.04	2.52	nan	1.64	1.01	9.06
27.3	2.89	nan	12.83	nan	33.71	25.91	5.66	5.53	32.2	nan	12.71	6.16	25.91	28.05	7.17	28.81	nan	6.16	0.0	30.69	12.71	20.38	20.5	28.18	28.81	6.16	23.78	25.66	23.65	24.15	28.68	29.31	13.96	24.28	2.01	31.7	28.3	28.56	31.57	31.32
0.5	0.63	nan	0.0	0.75	0.0	1.26	0.25	1.76	0.25	0.75	0.63	0.25	0.5	0.38	0.5	0.75	0.5	0.25	0.5	0.75	0.0	0.25	0.13	0.63	1.13	0.25	0.5	0.38	0.5	0.63	0.88	0.38	0.0	0.38	0.38	0.25	0.5	0.0	0.5	0.5
4.4	4.15	nan	4.78	3.4	2.52	4.4	3.02	4.03	2.89	4.4	2.64	3.4	3.4	2.26	1.13	3.52	4.53	3.52	0.0	3.4	2.77	3.65	1.26	4.65	3.4	5.16	3.14	3.27	3.14	1.26	5.16	0.38	3.27	4.03	1.01	2.14	2.89	0.13	2.14	2.26
0.0	0.0	nan	0.0	0.0	0.13	0.0	0.0	0.0	0.0	0.0	0.0	0.0	0.0	0.0	0.0	0.0	0.0	0.0	2.52	0.0	0.0	0.0	0.0	0.0	0.0	0.0	0.0	0.0	0.0	0.0	0.0	0.0	19.88	0.0	0.0	0.0	0.0	0.0	0.0	0.0
1.26	0.0	2.14	0.0	0.0	0.0	2.01	2.14	0.25	0.0	0.0	2.26	0.0	2.52	2.77	0.0	2.01	0.0	0.0	0.0	0.0	0.0	0.63	1.38	3.9	0.0	3.02	1.89	0.38	2.14	3.77	2.52	0.0	0.75	3.14	0.13	1.51	1.76	0.25	0.0	0.88
16.35	0.0	0.0	0.0	0.0	0.0	24.15	0.0	0.0	0.0	0.0	0.0	0.0	0.0	0.0	0.0	0.0	0.0	0.0	4.65	0.0	0.5	0.0	0.0	0.0	0.0	0.0	0.0	0.0	0.0	0.0	0.0	0.0	14.21	0.0	0.0	0.0	0.0	18.24	0.0	0.0
1.76	2.52	0.0	4.28	4.65	6.54	3.9	2.89	0.63	4.28	5.03	1.76	4.65	2.89	3.77	4.78	3.27	4.15	4.65	0.0	4.28	4.03	5.79	5.66	4.28	1.76	0.63	2.89	6.29	4.28	3.02	0.0	3.14	3.65	3.02	1.01	4.53	4.4	4.53	4.53	4.53
0.0	0.0	0.0	0.0	0.0	0.0	0.0	0.0	0.0	4.28	0.0	2.52	0.0	0.0	4.53	4.53	0.0	0.0	0.0	3.52	1.38	0.13	0.0	0.0	0.0	0.0	0.0	0.0	0.13	0.5	1.38	1.89	0.0	0.0	3.14	7.8	0.25	0.0	0.0	0.25	4.4
9.18	0.63	2.01	1.76	0.25	0.13	0.0	0.5	0.5	0.0	1.76	0.0	2.39	30.32	6.67	0.0	6.16	8.43	1.51	0.38	0.0	1.13	0.0	0.0	6.67	0.0	2.01	4.4	0.0	6.67	0.75	7.04	6.79	4.65	4.78	0.75	1.89	0.38	3.52	0.25	2.64
4.65	3.65	0.0	0.0	3.14	0.0	1.64	0.0	2.77	0.0	3.14	1.51	4.4	0.25	0.0	3.77	0.63	0.75	4.53	0.38	3.65	0.0	2.39	5.03	1.13	3.77	1.26	0.0	3.14	0.0	6.16	1.76	3.52	0.88	0.75	3.65	21.64	2.52	3.52	0.0	1.01
0.0	0.38	0.0	1.26	0.0	0.0	0.0	0.0	0.0	2.01	0.38	0.0	0.0	0.0	0.13	0.13	0.0	0.25	0.0	1.13	0.0	0.0	0.0	0.0	0.0	0.0	0.0	0.0	0.0	0.0	0.0	0.0	0.0	2.14	0.0	0.63	1.64	0.0	0.0	0.13	0.0
0.0	0.0	3.77	1.51	0.25	0.0	0.75	0.0	0.25	8.18	0.0	0.0	0.0	0.13	4.28	3.14	0.0	2.39	0.0	4.65	0.0	0.0	0.0	0.0	0.0	0.0	0.0	4.15	0.0	0.13	0.38	1.13	4.4	1.13	0.0	1.13	2.01	0.0	0.0	0.0	2.14
4.15	0.63	0.0	8.93	6.92	7.67	7.93	7.55	10.06	8.43	0.63	6.92	9.81	5.91	6.04	0.38	10.19	6.67	9.81	0.38	3.9	1.64	5.91	6.29	0.0	0.63	6.67	6.04	8.55	8.55	9.18	4.91	2.01	0.0	5.53	0.38	6.92	4.15	9.94	8.68	0.0
nan	6.04	0.25	nan	1.64	3.65	9.81	1.76	6.54	4.78	6.04	9.56	1.38	6.79	9.18	3.4	4.15	6.42	4.65	0.0	5.91	6.92	1.13	1.76	0.0	2.14	9.69	9.18	9.94	9.18	1.89	3.4	1.89	3.4	3.27	0.13	0.13	4.65	4.91	4.78	1.64
nan	0.0	3.9	3.27	nan	0.0	1.01	6.54	0.0	2.52	0.0	1.76	0.0	0.0	0.25	0.0	0.38	nan	0.0	7.17	0.0	0.0	0.0	0.88	0.0	0.13	0.13	0.0	0.0	0.0	0.63	0.0	0.25	7.42	0.0	1.64	0.0	0.0	0.0	0.0	1.38
nan	3.4	11.45	4.03	3.52	1.89	25.66	5.16	27.67	0.0	0.63	26.92	25.54	5.03	24.15	9.31	24.03	1.26	25.41	8.81	3.14	0.13	8.3	2.89	0.0	1.26	7.55	3.02	25.66	24.28	6.29	6.42	nan	13.84	0.0	5.03	9.81	2.89	7.93	5.41	1.51
nan	2.64	3.02	0.75	2.64	7.8	nan	7.8	nan	nan	8.43	2.52	nan	33.34	6.79	1.76	nan	2.89	nan	3.14	29.81	7.67	nan	nan	1.01	3.27	nan	7.55	nan	nan	nan	nan	nan	2.26	26.04	6.16	4.15	6.79	nan	25.91	4.15
nan	3.27	2.52	3.14	4.65	4.78	nan	1.76	nan	nan	2.14	nan	nan	nan	nan	1.26	nan	4.53	nan	6.79	nan	4.15	nan	nan	0.5	nan	nan	nan	nan	nan	nan	nan	nan	1.64	3.14	0.88	8.3	7.17	nan	nan	7.55
nan	1.26	0.0	4.15	20.5	16.98	nan	10.32	nan	nan	0.0	nan	nan	nan	nan	4.15	nan	nan	nan	4.65	nan	1.51	nan	nan	4.28	nan	nan	nan	nan	nan	nan	nan	nan	0.13	nan	1.76	5.41	7.17	nan	nan	14.72
nan	nan	nan	nan	nan	nan	nan	nan	nan	nan	nan	nan	nan	nan	nan	nan	nan	nan	nan	nan	nan	nan	nan	nan	8.05	nan	nan	nan	nan	nan	nan	nan	nan	nan	nan	nan	nan	nan	nan	nan	2.14
nan	nan	nan	nan	nan	nan	nan	nan	nan	nan	nan	nan	nan	nan	nan	nan	nan	nan	nan	nan	nan	nan	nan	nan	2.77	nan	nan	nan	nan	nan	nan	nan	nan	nan	nan	nan	nan	nan	nan	nan	7.3
nan	nan	nan	nan	nan	nan	nan	nan	nan	nan	nan	nan	nan	nan	nan	nan	nan	nan	nan	nan	nan	nan	nan	nan	0.13	nan	nan	nan	nan	nan	nan	nan	nan	nan	nan	nan	nan	nan	nan	nan	1.64
nan	nan	nan	nan	nan	nan	4.28	nan	2.89	nan	nan	nan	7.3	nan	nan	nan	6.92	nan	6.92	nan	nan	nan	4.03	3.77	8.18	nan	3.65	nan	6.92	7.93	33.08	7.67	5.41	nan	7.42	nan	nan	nan	7.42	nan	0.25
1.51	nan	nan	nan	nan	3.27	8.43	nan	0.5	8.81	nan	nan	9.69	1.64	2.39	nan	2.89	nan	6.67	nan	8.18	nan	1.89	4.28	3.14	0.38	9.18	1.51	10.06	0.13	4.91	1.01	13.46	4.28	0.0	nan	14.09	nan	9.56	0.63	2.26
7.42	2.89	nan	8.3	5.79	7.3	5.66	1.89	9.81	5.66	2.89	1.26	5.03	10.44	8.93	5.16	8.68	1.64	5.28	1.13	6.42	2.52	5.16	7.93	35.35	0.5	5.03	9.94	5.16	9.06	6.29	9.06	6.92	13.33	9.18	0.0	8.55	3.65	5.16	4.28	7.42
0.0	0.0	0.0	0.0	0.13	0.0	0.0	0.25	0.0	0.0	0.0	0.13	0.0	0.5	0.0	5.53	0.0	0.0	0.0	4.15	0.5	0.0	0.0	0.0	0.0	0.0	0.0	0.0	0.0	4.91	0.38	5.16	0.0	1.89	0.0	0.0	0.0	0.63	0.0	1.13	5.16
0.0	0.0	0.0	0.0	0.0	0.0	0.0	0.0	0.0	0.0	0.0	0.0	0.0	0.0	0.0	0.0	0.0	0.0	0.0	0.0	0.0	0.0	0.0	0.0	0.0	0.0	0.0	0.0	0.0	0.0	0.0	0.0	0.0	0.0	0.0	0.0	0.0	0.25	0.0	0.0	0.0
0.0	0.0	0.0	0.0	0.0	0.0	0.0	0.0	0.0	0.0	0.0	0.0	0.0	0.0	0.0	0.0	0.0	0.0	0.0	0.0	0.0	0.0	0.0	0.0	0.0	0.0	0.0	0.0	0.0	0.0	0.0	1.01	0.0	0.0	0.0	0.0	0.0	0.0	0.0	0.0	0.0
0.0	0.0	0.0	0.0	0.0	0.0	0.0	0.0	0.0	0.0	0.13	0.0	0.0	0.0	0.0	0.0	0.0	0.0	0.0	0.0	0.0	0.0	0.0	0.0	0.0	0.0	0.0	0.0	0.0	0.0	0.0	0.0	0.0	0.0	0.0	0.0	0.0	0.0	0.0	0.0	0.0
0.0	0.0	0.0	0.0	0.0	0.0	0.0	0.0	0.0	0.0	0.0	0.0	0.0	0.0	0.0	0.0	0.0	0.0	0.0	0.0	0.0	0.0	0.0	0.0	0.0	0.0	0.0	0.0	0.0	0.0	0.0	2.39	0.0	0.0	0.0	0.0	0.0	0.0	0.0	0.0	0.0
0.0	7.55	1.13	3.65	0.5	0.38	2.14	1.89	0.0	3.9	8.3	0.38	1.76	0.88	0.75	3.52	0.63	3.65	1.64	1.51	0.75	0.5	0.63	0.63	0.63	0.0	0.5	0.75	1.76	0.75	0.63	0.75	0.75	0.0	0.75	3.65	3.65	0.75	3.4	4.4	5.53
0.0	12.83	12.58	18.24	11.2	23.65	13.08	20.38	0.0	18.62	15.6	13.96	23.02	14.47	14.34	11.57	13.33	18.74	22.89	20.63	5.03	13.96	21.39	21.39	13.96	0.0	22.01	14.59	22.77	13.84	13.96	14.21	13.84	11.07	14.21	19.25	18.62	11.45	21.01	14.09	18.99
3.02	0.0	0.38	3.52	0.0	1.51	0.13	0.0	0.75	0.13	0.0	0.0	1.13	0.0	0.0	0.13	4.78	0.0	1.26	0.13	0.0	5.79	1.38	1.38	0.0	0.0	1.13	0.0	1.51	4.65	0.0	5.03	0.0	0.0	4.65	0.0	0.0	0.0	0.25	0.0	0.0
5.66	6.54	2.77	0.0	5.66	6.04	6.04	7.3	1.01	0.0	0.0	2.77	7.42	0.75	0.13	0.25	0.25	6.16	1.64	0.0	1.26	6.54	7.04	7.04	8.81	1.38	1.13	0.75	4.4	0.13	7.17	0.13	6.54	2.89	5.79	0.5	6.04	0.75	7.17	4.65	5.79
0.0	0.0	0.13	2.14	0.0	0.25	0.0	1.13	0.0	0.0	1.76	0.13	0.0	3.27	0.0	0.0	0.0	1.76	0.0	0.0	0.0	0.0	0.75	0.75	0.0	0.0	0.88	0.13	1.13	0.13	0.0	0.0	0.13	0.13	0.0	2.89	0.0	0.0	1.13	1.89	1.64
0.0	1.01	0.0	0.25	0.0	0.0	0.0	0.0	0.0	0.0	0.0	0.0	0.0	0.0	0.0	0.0	0.0	0.0	0.0	0.0	0.0	0.0	0.0	0.0	0.0	0.0	0.0	0.0	0.0	0.0	1.38	2.14	0.0	0.13	0.0	0.0	0.0	0.0	0.0	0.0	0.0
3.77	0.0	2.89	0.0	0.0	0.0	3.27	0.0	0.88	1.89	0.13	1.76	0.0	2.14	1.76	1.64	0.75	2.39	0.13	1.38	1.89	0.0	0.0	0.0	18.11	1.51	0.0	0.63	0.0	1.76	1.51	1.76	1.64	0.5	18.62	2.14	2.26	1.38	0.5	0.0	0.0
2.77	7.55	1.26	9.43	2.64	1.51	5.91	4.65	5.16	8.68	9.31	1.51	5.03	8.93	5.66	8.81	5.53	7.42	5.28	9.43	8.43	7.42	5.53	5.53	3.52	3.27	5.03	5.53	4.91	9.06	5.66	5.66	5.16	9.06	5.16	8.55	6.42	6.54	5.41	8.18	8.05
0.0	0.13	0.0	0.0	0.38	0.63	0.0	0.0	0.0	0.0	0.0	0.75	0.0	0.0	0.0	0.0	0.0	2.39	0.0	1.01	0.0	0.0	0.0	0.13	1.01	0.0	0.0	0.0	0.0	1.51	2.77	1.76	3.4	0.0	0.0	0.0	12.2	0.13	0.0	4.03	2.52
0.0	0.0	0.0	0.0	0.0	0.0	0.0	0.0	0.0	0.0	0.13	0.0	0.0	0.0	0.0	0.0	0.63	1.64	0.0	0.0	0.0	0.0	0.0	0.0	0.0	0.0	0.0	0.0	0.0	0.0	0.88	2.14	0.0	0.0	0.0	0.0	0.0	0.0	0.0	1.13	0.0
5.79	6.54	4.4	4.78	2.77	1.89	8.3	9.94	7.42	2.26	29.06	6.79	0.75	6.79	6.79	5.28	8.81	0.0	0.63	nan	7.17	2.14	5.28	0.5	3.9	7.67	5.41	0.13	5.66	5.53	6.79	0.25	6.79	1.01	6.79	0.0	4.78	nan	4.28	0.0	5.41
nan	nan	1.38	nan	nan	nan	nan	nan	nan	nan	nan	nan	nan	nan	nan	nan	nan	nan	nan	nan	nan	nan	nan	nan	14.97	nan	nan	nan	nan	nan	nan	nan	nan	nan	nan	nan	nan	nan	nan	nan	nan
nan	nan	9.18	nan	nan	nan	nan	nan	nan	nan	nan	nan	nan	nan	nan	nan	nan	nan	nan	1.76	nan	nan	nan	nan	7.8	nan	nan	nan	nan	nan	nan	nan	nan	nan	nan	nan	nan	5.03	nan	nan	nan
4.28	0.5	5.41	2.39	2.77	4.53	4.4	1.76	5.66	4.03	4.03	2.39	4.28	3.65	4.03	4.03	4.03	3.14	3.52	7.55	3.14	4.03	4.4	4.65	10.44	3.14	4.4	3.65	4.03	3.4	3.65	4.78	3.14	0.63	3.65	5.66	1.38	3.9	3.27	4.03	4.15
0.0	0.0	0.0	0.0	0.0	0.25	0.0	0.0	0.0	0.0	0.0	0.0	0.0	0.0	0.0	0.0	0.0	0.0	0.0	1.64	0.0	0.0	0.0	0.0	0.0	0.0	0.0	0.0	0.0	9.06	0.0	8.93	0.0	0.63	0.0	0.0	0.0	0.0	0.0	0.0	0.0
0.0	1.26	0.0	0.0	1.13	0.0	0.13	0.63	0.0	0.0	0.25	0.75	0.0	0.0	0.0	0.0	1.01	0.0	0.0	0.13	0.88	0.0	0.0	0.0	3.9	0.0	0.0	0.75	0.0	0.63	0.63	0.0	3.02	3.77	0.63	0.0	0.0	0.63	0.0	0.0	0.0
0.0	0.0	0.0	0.13	0.5	0.0	0.0	0.75	0.0	0.0	0.0	0.38	0.0	0.0	0.0	0.13	0.0	0.13	0.0	0.0	0.0	0.13	0.0	0.0	0.0	0.0	0.0	0.0	0.0	0.0	0.75	0.0	0.0	0.5	0.0	0.13	0.0	0.0	0.0	0.0	0.0
0.0	0.0	0.0	0.0	0.0	0.0	0.0	0.0	0.0	0.0	0.0	0.0	0.0	0.0	0.0	0.0	0.0	0.0	0.0	0.0	0.0	0.0	0.0	0.0	0.0	0.0	0.0	0.0	0.0	0.0	0.0	1.26	0.0	0.0	0.0	0.0	0.0	0.0	0.0	0.0	0.0
0.0	0.0	0.0	0.0	0.0	0.0	0.0	0.0	0.0	0.0	0.0	0.0	0.0	0.0	0.0	0.0	0.0	0.0	0.0	0.0	0.0	0.0	0.0	0.0	0.0	0.0	0.0	0.0	0.0	0.0	0.0	0.0	0.0	0.0	0.0	0.0	0.0	0.63	0.0	0.0	0.0
0.0	0.0	0.0	0.0	0.0	0.0	0.0	0.0	0.0	0.0	0.0	0.0	0.0	0.0	0.0	0.0	0.0	0.0	0.0	0.0	0.0	0.0	0.0	0.0	0.0	0.0	0.0	0.0	0.0	0.0	0.0	0.38	0.0	0.0	0.0	0.0	0.0	0.0	0.0	0.0	0.0
0.0	0.0	0.0	0.0	0.0	0.0	0.0	0.0	0.0	0.0	0.0	0.0	0.0	0.0	0.0	0.0	0.0	0.0	0.0	0.0	0.0	0.0	0.0	0.0	0.0	0.0	0.0	0.0	0.0	0.0	0.0	0.0	0.0	0.0	0.0	0.0	0.0	0.0	0.0	0.0	0.0
0.0	0.13	0.0	0.0	0.0	0.0	0.0	0.38	0.13	0.0	0.0	0.0	0.0	0.0	0.0	0.0	0.0	0.0	0.0	0.0	0.0	0.0	0.0	0.0	0.0	0.0	0.0	0.0	0.0	0.0	0.0	0.0	0.0	0.0	0.0	0.0	0.0	0.0	0.0	0.0	0.0
0.0	0.0	0.0	0.0	0.0	0.0	0.0	0.0	0.0	0.0	0.0	0.0	0.0	0.0	0.0	0.0	0.0	0.0	0.0	0.0	0.0	0.0	0.0	0.0	0.0	0.0	0.0	0.0	0.0	0.0	0.0	0.0	0.0	0.0	0.0	0.0	0.0	0.0	0.0	0.0	0.0
0.0	0.0	4.78	0.0	0.0	0.0	0.88	0.0	0.88	0.0	0.0	3.14	0.0	3.52	4.28	0.0	3.65	5.79	0.0	4.4	5.03	2.89	0.25	0.25	4.4	0.0	0.0	3.77	0.0	3.27	3.14	2.14	4.65	0.0	3.9	0.0	0.0	2.39	0.88	0.0	0.0
2.14	1.13	9.43	4.65	6.29	5.91	0.38	9.06	0.13	2.14	3.27	7.3	9.94	1.89	8.18	15.1	3.52	8.68	9.81	9.18	6.67	4.65	6.42	6.29	3.77	3.65	9.69	6.04	9.56	7.17	7.67	3.77	7.17	0.88	4.03	6.67	1.89	5.91	7.67	1.38	4.78
35.22	0.0	0.13	0.0	0.0	2.39	6.54	3.14	1.64	1.26	0.0	0.5	1.76	0.0	0.0	0.0	0.25	0.0	1.76	0.0	0.0	0.0	1.64	1.64	1.01	0.0	1.38	0.0	1.64	0.0	0.5	0.0	0.0	0.25	1.26	0.0	0.38	0.0	2.77	0.0	0.0
0.0	1.89	3.9	4.78	3.02	0.0	2.01	3.02	3.4	4.03	1.89	5.28	3.4	0.0	4.15	1.64	3.27	4.15	3.4	5.66	1.64	7.93	3.4	1.64	5.16	1.64	3.9	3.65	1.89	4.53	4.78	3.27	4.03	2.01	3.4	1.64	4.28	3.9	1.76	2.26	6.16
6.79	4.15	1.76	7.42	6.92	5.53	0.5	0.0	6.29	9.43	4.03	8.05	0.13	9.56	6.54	4.4	7.8	4.03	0.13	4.28	0.75	4.91	0.0	0.0	8.18	0.88	0.0	7.17	0.0	6.29	8.18	7.93	9.06	7.3	7.8	2.64	9.31	8.43	0.0	9.43	9.69
0.0	0.0	2.14	0.0	0.0	31.95	nan	23.02	0.0	0.0	0.0	0.0	24.03	nan	nan	0.75	0.0	0.0	24.03	1.13	0.38	0.0	23.78	23.4	nan	0.0	24.28	0.0	23.15	0.5	nan	0.25	nan	0.0	0.0	0.0	0.0	1.64	nan	0.0	0.0
4.53	nan	nan	nan	nan	nan	nan	nan	nan	nan	nan	nan	nan	nan	nan	nan	nan	nan	nan	nan	nan	nan	nan	nan	nan	nan	nan	nan	nan	nan	nan	nan	nan	nan	nan	nan	nan	nan	nan	nan	nan
10.06	nan	nan	nan	nan	nan	nan	nan	nan	nan	nan	nan	nan	nan	nan	nan	nan	nan	nan	nan	nan	nan	nan	nan	nan	nan	nan	nan	nan	nan	nan	nan	nan	nan	nan	nan	nan	nan	nan	nan	nan
31.2	nan	nan	nan	nan	3.4	0.0	nan	nan	nan	nan	nan	nan	0.0	0.0	nan	nan	nan	nan	nan	nan	nan	nan	nan	0.0	nan	nan	1.51	nan	nan	0.0	nan	0.0	nan	nan	nan	nan	nan	22.27	nan	nan
0.13	5.41	3.65	4.03	5.03	11.2	6.16	7.04	5.03	4.03	5.28	4.78	2.64	5.16	1.64	4.03	5.79	5.66	2.64	3.14	4.15	3.9	7.67	7.42	1.51	3.4	2.64	5.66	2.39	6.67	1.64	6.54	4.91	5.41	6.54	4.15	5.53	6.16	2.52	3.9	5.41
5.66	2.39	2.14	4.03	2.01	2.89	4.65	3.14	2.77	3.9	2.39	3.9	2.89	3.27	2.14	2.89	3.65	4.28	2.89	5.41	2.39	1.76	3.02	3.02	2.52	0.0	2.14	2.39	1.38	4.15	2.89	4.28	4.03	3.14	3.9	3.14	4.65	0.63	3.52	2.64	4.4
0.0	0.0	0.0	0.0	0.0	0.0	0.0	0.0	0.0	0.0	0.0	0.0	0.0	0.0	0.0	0.0	0.0	0.0	0.0	0.0	0.0	0.0	0.0	0.0	0.0	0.0	0.0	0.0	0.0	0.0	0.0	0.0	0.0	0.0	0.0	0.0	0.0	0.0	0.0	0.0	0.0
0.0	0.0	0.13	0.0	0.0	0.25	0.0	0.0	0.0	0.13	0.0	0.0	0.0	0.0	0.0	0.38	0.0	0.0	0.0	0.0	0.0	0.0	0.0	0.0	0.0	0.0	0.0	0.0	0.0	0.0	0.0	0.0	0.0	0.0	0.0	0.0	0.0	0.0	0.25	0.0	0.13
9.94	9.31	9.69	10.32	9.56	3.77	2.26	7.3	9.81	10.06	8.93	2.01	7.17	8.93	8.81	5.79	8.93	9.81	9.69	2.39	8.43	9.06	7.04	6.79	10.32	9.56	1.01	1.64	8.3	8.68	10.19	8.68	4.4	8.3	10.44	10.19	10.06	3.77	8.18	10.57	6.79
2.52	0.13	nan	nan	nan	9.69	7.04	nan	0.0	0.63	nan	10.94	3.9	0.75	0.63	nan	1.89	nan	3.9	nan	0.0	nan	1.26	0.5	1.89	0.0	3.9	1.51	3.9	0.0	0.75	0.0	2.26	0.0	1.76	nan	4.65	nan	0.75	2.39	2.52
0.13	5.66	8.05	0.0	1.13	3.27	0.0	35.35	6.54	0.63	9.56	0.0	1.76	0.0	0.0	0.0	4.78	7.3	1.76	8.68	0.5	7.55	2.01	1.89	0.0	0.75	2.26	0.0	1.76	4.4	0.13	0.0	0.0	6.92	0.0	0.88	2.26	11.45	2.26	0.75	0.13
7.8	0.0	4.78	3.4	3.4	2.64	9.18	2.01	2.01	4.53	3.14	0.13	0.0	2.26	0.0	2.14	0.25	0.75	0.0	0.13	0.13	0.13	5.41	3.52	0.0	3.52	3.77	0.0	0.0	29.44	0.13	0.0	4.28	2.77	0.0	2.26	3.4	0.5	3.9	4.65	9.31
0.0	5.66	4.03	4.53	0.25	7.3	6.42	5.28	2.01	0.5	2.64	9.06	3.77	6.92	9.56	4.78	5.16	2.14	3.77	3.77	0.0	11.07	2.64	2.64	9.18	0.0	3.77	8.93	3.77	1.13	6.16	4.91	8.68	0.38	8.93	7.67	5.16	0.25	2.52	0.0	4.53
nan	3.4	0.0	0.0	0.0	nan	nan	4.15	nan	nan	0.0	nan	nan	nan	nan	0.75	nan	0.38	nan	0.0	nan	nan	nan	nan	nan	nan	nan	nan	nan	nan	nan	2.77	nan	nan	nan	0.0	nan	3.27	nan	nan	nan
5.53	28.68	8.55	0.13	10.06	6.16	28.68	8.81	3.77	6.42	10.32	3.4	4.4	5.41	12.2	5.41	13.84	4.65	4.4	3.65	9.31	7.3	4.28	7.67	13.33	8.55	4.28	4.03	4.15	nan	4.78	3.4	3.9	3.52	13.21	0.5	5.03	4.28	8.81	4.65	0.38
nan	4.28	28.18	2.52	4.78	0.0	0.0	0.0	2.52	2.39	3.77	2.39	1.01	3.77	3.02	0.63	3.77	4.78	1.01	1.64	5.91	9.43	0.0	0.0	0.5	4.78	1.01	1.64	1.01	12.83	4.78	4.28	0.0	0.25	3.65	3.65	0.5	3.77	1.01	2.14	0.0
0.0	0.0	0.0	0.0	0.0	0.0	5.03	0.0	0.0	0.0	0.0	0.0	0.0	0.0	0.0	0.0	0.0	0.0	0.0	0.0	0.0	0.0	0.0	0.0	0.0	0.0	0.0	0.0	0.0	0.13	0.0	0.0	0.0	0.0	0.0	0.0	0.0	0.0	0.0	0.0	0.0
4.65	2.39	2.39	3.02	2.52	2.52	7.67	0.75	0.13	3.02	3.52	1.01	2.52	1.13	1.76	4.15	3.27	2.52	2.39	2.39	2.39	0.63	2.14	2.77	1.13	0.75	2.64	1.13	0.88	1.64	1.13	4.78	1.13	4.78	3.9	3.4	4.4	4.65	2.77	0.13	4.78
4.15	0.0	0.0	0.0	0.0	0.0	3.52	0.0	0.0	0.0	0.0	0.0	0.0	0.0	0.0	0.0	0.0	0.0	0.0	0.0	0.0	0.0	0.0	0.0	0.0	0.0	0.0	0.0	0.0	0.0	0.0	0.0	0.0	0.0	0.0	0.0	0.0	11.45	0.0	0.0	0.0
5.28	4.15	4.28	0.63	4.28	2.89	1.64	2.64	4.03	0.75	5.79	3.4	3.02	3.27	2.77	0.88	2.77	4.03	2.26	3.14	4.15	2.77	3.14	2.39	3.4	4.03	2.64	2.77	0.75	3.27	3.14	0.38	3.4	4.78	3.14	4.15	4.03	3.65	3.77	2.89	3.77
0.0	6.79	7.67	7.04	8.18	3.52	7.8	2.52	3.65	6.54	9.31	3.27	2.77	6.16	2.89	6.67	5.03	6.67	3.4	2.26	6.79	5.53	3.02	2.39	5.79	4.53	2.52	4.53	2.39	5.41	6.54	5.03	6.04	4.53	5.66	6.67	6.79	3.77	4.4	4.15	6.67
20.25	1.13	0.0	0.0	0.13	0.0	9.81	0.0	0.0	0.0	0.88	0.0	0.0	0.0	0.0	0.0	0.0	0.0	0.0	0.0	0.0	0.0	0.0	0.0	0.0	0.0	0.0	0.0	0.0	0.0	0.0	0.0	0.0	0.0	0.0	0.0	0.0	0.13	0.0	0.0	0.0
0.5	3.02	3.14	nan	0.88	3.14	5.03	3.9	2.89	3.65	2.64	5.28	3.02	5.66	5.79	0.75	6.16	0.25	2.77	1.26	6.54	nan	1.51	3.4	5.66	6.04	2.89	4.15	3.02	6.42	5.91	3.65	1.01	2.01	6.42	3.77	1.89	5.16	3.02	3.52	3.52
0.0	0.0	0.0	nan	0.0	0.0	0.0	0.0	0.0	0.0	0.0	0.0	0.0	0.0	0.0	1.51	0.0	1.01	0.0	0.0	0.0	nan	0.0	0.0	0.0	0.0	0.0	0.0	0.0	0.0	0.0	0.0	0.0	0.0	0.0	0.0	1.13	0.0	0.0	0.0	0.0
5.79	2.64	nan	nan	4.03	1.38	0.0	0.75	2.89	4.78	0.13	2.39	1.51	2.89	2.77	1.76	3.4	1.64	1.51	nan	2.89	nan	1.51	1.01	1.01	3.77	1.51	0.0	1.51	3.14	3.14	0.75	0.0	0.0	3.27	1.38	1.76	12.71	2.14	0.0	0.0
0.0	0.0	0.0	nan	5.66	3.77	0.13	0.0	0.0	3.65	0.0	25.66	0.0	1.38	0.0	5.91	0.75	1.89	0.0	1.76	5.28	nan	1.51	2.14	2.77	0.63	0.13	3.14	0.0	0.0	0.0	2.64	2.14	7.3	2.26	6.29	5.66	0.38	0.38	2.39	8.05
0.0	0.13	8.43	nan	0.0	0.0	3.02	0.0	0.0	0.0	0.13	0.0	0.0	0.0	0.0	0.0	2.89	0.0	0.0	0.0	0.0	2.77	0.0	0.0	0.0	0.0	0.0	0.0	0.0	0.13	6.04	0.0	0.0	0.0	0.0	0.0	0.0	0.0	8.93	0.0	0.0
6.29	8.05	7.55	nan	6.67	9.56	1.89	7.93	6.29	8.05	7.8	26.42	9.18	4.4	4.91	8.05	4.4	7.8	9.06	2.52	6.79	0.0	9.06	9.06	5.03	6.04	9.06	6.29	9.06	6.54	6.04	6.54	6.42	3.9	6.16	8.3	8.55	6.29	0.0	8.18	7.17
8.55	4.53	9.56	3.9	1.51	10.44	5.41	8.81	8.55	9.56	10.57	5.66	9.18	9.94	10.19	4.28	6.42	5.03	9.18	9.81	8.93	1.13	8.93	8.93	17.36	3.65	9.56	9.81	8.93	5.91	6.42	5.66	2.77	7.55	5.79	7.04	8.05	9.81	7.3	5.03	1.64
24.15	5.28	9.56	0.0	1.13	5.41	25.41	0.75	4.03	5.16	1.51	3.4	5.28	2.52	3.4	1.38	nan	4.91	5.28	0.13	1.26	0.13	5.16	0.75	0.0	1.26	2.77	2.77	5.16	2.39	22.77	2.77	16.23	1.51	2.52	4.78	7.67	2.77	18.11	5.16	4.03
nan	0.0	nan	0.38	0.0	3.27	nan	1.01	0.0	0.0	0.0	0.0	1.38	0.0	0.0	0.0	nan	0.0	1.38	6.29	0.0	5.66	1.51	0.0	nan	0.0	1.26	0.0	4.03	0.0	0.0	0.0	nan	0.13	0.0	0.0	0.0	0.0	nan	0.0	0.0
nan	3.27	nan	30.32	1.26	8.55	nan	29.94	6.16	2.01	3.65	4.91	7.8	5.91	6.67	0.63	13.46	0.38	7.8	2.89	4.78	8.81	7.04	9.06	nan	0.0	7.42	6.79	7.55	4.78	3.9	5.28	nan	4.65	6.92	3.4	1.01	1.51	nan	0.88	0.13
1.13	1.26	nan	nan	2.39	1.01	1.89	0.0	1.89	1.51	1.13	1.01	1.51	0.0	0.0	1.51	0.0	0.0	1.51	0.0	2.39	2.52	1.01	1.01	3.4	2.14	1.26	0.0	1.51	0.0	1.64	1.26	1.51	nan	1.64	0.13	3.27	1.13	0.88	0.38	3.14
0.0	0.0	0.38	5.03	1.01	0.0	0.0	0.0	0.0	0.13	0.0	0.0	0.0	0.0	0.0	0.5	0.0	1.26	0.0	0.0	0.63	0.0	0.0	0.0	0.0	0.25	0.0	0.0	0.0	0.0	0.0	0.0	0.0	8.43	0.0	0.5	0.63	0.0	14.47	0.0	0.25
0.0	0.0	0.0	0.0	0.0	1.89	0.63	0.25	0.0	0.0	0.0	1.76	1.26	1.76	1.51	0.0	1.38	1.13	1.26	0.13	0.0	1.13	1.89	2.01	1.51	0.0	1.26	1.76	1.26	0.75	1.89	1.51	0.0	0.0	1.64	0.0	0.0	1.38	1.76	0.0	0.0
0.0	0.0	0.0	0.0	0.0	0.0	0.75	0.0	0.0	0.0	0.0	0.0	0.0	0.0	0.0	0.0	0.0	0.0	0.0	0.0	0.0	0.0	0.0	0.0	0.25	0.0	0.0	0.0	0.0	0.0	0.0	0.25	0.13	0.0	0.0	0.0	0.0	0.0	0.0	0.0	0.0
0.0	0.0	0.0	0.38	0.0	0.0	0.0	0.0	0.0	0.13	0.0	0.0	0.0	0.0	0.0	0.0	0.0	0.25	0.0	0.25	0.0	0.0	0.0	0.0	0.0	0.0	0.0	0.0	0.0	0.0	0.0	0.0	0.0	0.0	0.0	0.38	0.0	0.0	0.0	0.13	0.0
0.0	0.0	0.0	0.0	0.0	0.0	0.0	0.0	0.0	0.0	0.0	0.0	0.0	0.0	0.0	0.0	0.0	0.0	0.0	0.0	0.0	0.0	0.0	0.0	0.0	0.0	0.0	0.0	0.0	0.0	0.0	0.0	0.0	0.0	0.0	0.0	0.0	0.0	0.0	0.0	0.0
0.0	0.0	0.0	0.0	0.0	0.0	0.0	0.0	0.0	0.0	0.0	0.0	0.0	0.0	0.0	0.0	0.0	0.0	0.0	0.0	0.0	0.0	0.0	0.0	0.0	0.0	0.0	0.0	0.0	0.0	0.0	0.0	0.0	0.0	0.0	0.0	0.0	0.0	0.0	0.0	0.0
0.0	0.0	0.0	0.0	0.0	0.0	0.0	0.0	0.0	0.0	0.0	0.0	0.0	0.0	0.0	0.0	0.0	0.0	0.0	0.0	0.0	0.0	0.0	0.0	0.0	0.0	0.0	0.0	0.0	0.0	0.0	0.0	0.0	0.0	0.0	0.0	0.0	0.0	0.0	0.0	0.0
0.0	0.0	0.0	0.13	0.0	0.0	0.0	0.0	0.0	0.0	0.0	0.0	0.0	0.0	0.0	0.13	0.0	0.38	0.0	0.0	0.0	0.0	0.0	0.0	0.0	0.0	0.0	0.0	0.0	0.0	0.0	0.0	0.0	0.0	0.0	0.38	0.0	0.0	0.0	0.0	0.0
2.14	0.0	0.0	0.0	0.0	0.0	0.0	0.38	0.0	0.0	0.0	0.0	0.0	0.0	0.0	0.0	0.0	0.0	0.0	0.0	0.0	0.0	0.0	0.0	0.0	0.0	0.0	0.0	0.0	0.0	0.0	0.0	0.0	0.0	0.0	0.0	0.0	0.0	0.0	0.0	0.0
4.03	6.16	2.26	3.52	3.77	4.4	nan	4.4	5.16	2.39	0.0	2.39	4.28	3.9	3.14	nan	nan	0.0	4.28	5.28	2.77	nan	4.4	4.4	nan	1.64	4.28	2.77	4.4	nan	nan	nan	3.52	nan	nan	3.4	0.0	nan	3.52	4.78	0.0
nan	5.41	2.89	nan	nan	nan	nan	nan	nan	nan	nan	nan	nan	nan	nan	nan	nan	nan	nan	nan	2.64	nan	nan	nan	nan	nan	nan	nan	nan	nan	nan	nan	nan	nan	nan	nan	nan	nan	nan	nan	nan
nan	nan	nan	nan	nan	nan	nan	nan	nan	nan	nan	nan	nan	nan	nan	nan	nan	nan	nan	nan	nan	nan	nan	nan	nan	nan	nan	nan	nan	nan	nan	nan	nan	nan	nan	nan	nan	nan	nan	nan	nan
nan	nan	nan	nan	nan	nan	nan	nan	nan	nan	nan	nan	nan	nan	nan	nan	nan	nan	nan	nan	nan	nan	nan	nan	nan	nan	nan	nan	nan	nan	nan	nan	nan	nan	nan	nan	nan	nan	nan	nan	nan
nan	nan	nan	nan	nan	nan	nan	nan	nan	nan	nan	nan	nan	nan	nan	nan	nan	nan	nan	nan	nan	nan	nan	nan	nan	nan	nan	nan	nan	nan	nan	nan	nan	nan	nan	nan	nan	nan	nan	nan	nan
nan	nan	nan	nan	nan	nan	nan	nan	nan	nan	nan	nan	nan	nan	nan	nan	nan	nan	nan	nan	nan	nan	nan	nan	nan	nan	nan	nan	nan	nan	nan	nan	nan	nan	nan	nan	nan	nan	nan	nan	nan
nan	nan	nan	nan	nan	nan	nan	nan	nan	nan	nan	nan	nan	nan	nan	nan	nan	nan	nan	nan	nan	nan	nan	nan	nan	nan	nan	nan	nan	nan	nan	nan	nan	nan	nan	nan	nan	nan	nan	nan	nan
nan	nan	nan	nan	nan	nan	nan	nan	nan	nan	nan	nan	nan	nan	nan	nan	nan	nan	nan	nan	nan	nan	nan	nan	nan	nan	nan	nan	nan	nan	nan	nan	nan	nan	nan	nan	nan	nan	nan	nan	nan
nan	nan	nan	nan	nan	nan	nan	nan	nan	nan	nan	nan	nan	nan	nan	nan	nan	nan	nan	nan	nan	nan	nan	nan	nan	nan	nan	nan	nan	nan	nan	nan	nan	nan	nan	nan	nan	nan	nan	nan	nan
nan	nan	nan	nan	nan	nan	nan	nan	nan	nan	nan	nan	nan	nan	nan	nan	nan	nan	nan	nan	nan	nan	nan	nan	nan	nan	nan	nan	nan	nan	nan	nan	nan	nan	nan	nan	nan	nan	nan	nan	nan
nan	nan	nan	nan	nan	nan	nan	nan	nan	nan	nan	nan	nan	nan	nan	nan	nan	nan	nan	nan	nan	nan	nan	nan	nan	nan	nan	nan	nan	nan	nan	nan	nan	nan	nan	nan	nan	nan	nan	nan	nan
nan	nan	nan	nan	nan	nan	nan	nan	nan	nan	nan	nan	nan	nan	nan	nan	nan	nan	nan	nan	nan	nan	nan	nan	nan	nan	nan	nan	nan	nan	nan	nan	nan	nan	nan	nan	nan	nan	nan	nan	nan
nan	nan	nan	nan	nan	nan	nan	nan	nan	nan	nan	nan	nan	nan	nan	nan	nan	nan	nan	nan	nan	nan	nan	nan	nan	nan	nan	nan	nan	nan	nan	nan	nan	nan	nan	nan	nan	nan	nan	nan	nan
nan	nan	nan	nan	nan	nan	nan	nan	nan	nan	nan	nan	nan	nan	nan	nan	nan	nan	nan	nan	nan	nan	nan	nan	nan	nan	nan	nan	nan	nan	nan	nan	nan	nan	nan	nan	nan	nan	nan	nan	nan
nan	nan	nan	nan	nan	nan	nan	nan	nan	nan	nan	nan	nan	nan	nan	nan	nan	nan	nan	nan	nan	nan	nan	nan	nan	nan	nan	nan	nan	nan	nan	nan	nan	nan	nan	nan	nan	nan	nan	nan	nan
nan	nan	nan	nan	nan	nan	nan	nan	nan	nan	nan	nan	nan	nan	nan	nan	nan	nan	nan	nan	nan	nan	nan	nan	nan	nan	nan	nan	nan	nan	nan	nan	nan	nan	nan	nan	nan	nan	nan	nan	nan
