pos	basic_red	basic_black	acidic_red	acidic_black	polar_red	polar_black	entropy_red	entropy_black	traditional_entropy_red	traditional_entropy_black
0	0.0	0.0	0.0	0.0	0.0	0.0	0.337650351495	0.0	0.276195427648	0.0
1	0.0	0.0	0.0	0.0	0.0	0.0	0.337650351495	0.0	0.276195427648	0.0
2	0.0	0.0	0.0	0.0	0.0	0.0	0.337650351495	0.0	0.276195427648	0.0
3	0.0	0.0	0.0	0.0	0.0	0.0	0.337650351495	0.0	0.276195427648	0.0
4	0.0	0.0	0.0	0.0	0.0	0.0	0.867634084343	0.537218868238	0.722857897733	0.453716339187
5	0.0	0.0	0.0	0.0	0.0952380952381	0.0	0.867634084343	0.671778299892	0.722857897733	0.548954434425
6	0.0	0.047619047619	0.047619047619	0.0	0.047619047619	0.0	1.51645235361	0.867634084343	1.24946027992	0.722857897733
7	0.0	0.0	0.047619047619	0.0	0.0952380952381	0.047619047619	1.65101178527	0.867634084343	1.34469837516	0.722857897733
8	0.0952380952381	0.0952380952381	0.0	0.0	0.047619047619	0.0	1.65101178527	1.19412449907	1.34469837516	0.988180837005
9	0.0	0.0	0.0	0.0	0.0952380952381	0.0952380952381	2.14264296692	1.38189292196	1.79092739977	1.15422218468
10	0.0	0.047619047619	0.0	0.0	0.142857142857	0.047619047619	3.14886953332	2.35217318263	2.61797814045	1.97664809167
11	0.238095238095	0.142857142857	0.047619047619	0.0952380952381	0.285714285714	0.047619047619	3.3929113729	3.0298937396	2.8104469014	2.48878559178
12	0.047619047619	0.0	0.0	0.0	0.0	0.0	2.60848612149	1.83256198697	2.19522382814	1.53241949845
13	0.0	0.047619047619	0.0	0.0	0.809523809524	0.666666666667	2.23543708249	2.60526463371	1.86757694618	2.1633347891
14	0.0	0.0	0.0	0.0	0.047619047619	0.0	1.96712141862	2.65545136793	1.62765759368	2.23592635063
15	0.0	0.0	0.0	0.0	0.0	0.0	1.19412449907	1.12828587126	0.988180837005	0.963745994207
16	0.0	0.0	0.0	0.0	0.0	0.0	2.17178488184	1.7966144071	1.84546297252	1.57511459141
17	0.0	0.0	0.0	0.0	0.0	0.0	0.337650351495	0.0	0.276195427648	0.0
18	0.047619047619	0.0	0.047619047619	0.142857142857	0.142857142857	0.190476190476	3.63128314265	3.12492888689	2.98709004162	2.6247262095
19	0.0	0.0	0.190476190476	0.428571428571	0.333333333333	0.0952380952381	2.11900134324	1.97413211435	1.82211892511	1.67523885011
20	0.428571428571	0.380952380952	0.142857142857	0.238095238095	0.047619047619	0.142857142857	3.29789642185	3.10304066419	2.74806385073	2.58203111654
21	0.047619047619	0.047619047619	0.238095238095	0.238095238095	0.714285714286	0.571428571429	1.53198968983	2.41437371002	1.30124078548	2.03118366442
22	0.52380952381	0.285714285714	0.047619047619	0.0	0.142857142857	0.142857142857	2.53204588379	2.32006842418	2.10404371778	1.97355611233
23	0.0	0.0	0.0	0.0	0.047619047619	0.0952380952381	2.01295028776	2.12826753162	1.6636046176	1.79568289835
24	0.0	0.0	0.0	0.0	0.0	0.0	0.337650351495	0.671778299892	0.276195427648	0.548954434425
25	0.0	0.0	0.0	0.0	0.0	0.0	0.337650351495	0.0	0.276195427648	0.0
26	0.47619047619	0.52380952381	0.0	0.047619047619	0.047619047619	0.047619047619	2.74258069671	3.33039421141	2.32165344871	2.75391875818
27	0.0	0.047619047619	0.666666666667	0.761904761905	0.238095238095	0.047619047619	2.43394907568	2.23543708249	2.0485421395	1.86757694618
28	0.0	0.047619047619	0.0	0.047619047619	0.857142857143	0.666666666667	1.19412449907	1.53198968983	0.988180837005	1.30124078548
29	0.142857142857	0.380952380952	0.142857142857	0.0952380952381	0.52380952381	0.190476190476	3.34372529099	3.22354129464	2.78401087464	2.68401728083
30	0.0	0.0	0.0	0.0	0.0	0.0	1.72617337068	1.5567297087	1.50996861264	1.35666951983
31	0.0	0.0	0.0	0.0	0.0	0.0	0.337650351495	1.002193516	0.276195427648	0.818095992971
32	0.0	0.0	0.0	0.0	0.0	0.0	0.337650351495	0.0	0.276195427648	0.0
33	0.238095238095	0.238095238095	0.047619047619	0.0	0.142857142857	0.142857142857	2.05504878171	2.47070520205	1.73639182703	2.06809669387
34	0.0	0.0	0.0	0.0	0.047619047619	0.0	1.19412449907	1.33606405283	0.988180837005	1.11827516077
35	0.142857142857	0.0	0.0	0.0	0.047619047619	0.190476190476	1.01373619829	0.805958016718	0.856995717854	0.70246655129
36	0.047619047619	0.047619047619	0.190476190476	0.380952380952	0.0952380952381	0.047619047619	2.69721668402	2.58223261802	2.25451489947	2.1766352793
37	0.0	0.0	1.0	1.0	0.0	0.0	0.337650351495	0.537218868238	0.276195427648	0.453716339187
38	0.0	0.0	0.0	0.0	0.047619047619	0.0952380952381	1.65396093037	1.05956506742	1.37525806867	0.892942741767
39	0.142857142857	0.428571428571	0.047619047619	0.0	0.190476190476	0.142857142857	2.05504878171	2.20871872258	1.73639182703	1.88017992268
40	0.0952380952381	0.238095238095	0.0	0.0	0.0	0.0	2.85061009323	2.87018545889	2.41213604538	2.42949452045
41	0.0	0.0	0.0	0.0	0.0	0.0	0.337650351495	0.0	0.276195427648	0.0
42	1.0	0.952380952381	0.0	0.0	0.0	0.047619047619	0.805958016718	1.21882920158	0.70246655129	1.04884126047
43	0.52380952381	0.52380952381	0.0	0.238095238095	0.333333333333	0.047619047619	2.83537481228	2.76215606237	2.39830299512	2.33901192379
44	0.0	0.0	0.047619047619	0.047619047619	0.47619047619	0.47619047619	3.57849960404	3.55892423838	2.96374599421	2.94638751913
45	0.0	0.0	0.0	0.0	1.0	0.952380952381	0.0	0.337650351495	0.0	0.276195427648
46	0.0952380952381	0.0	0.0	0.047619047619	0.238095238095	0.238095238095	2.96848123253	2.48943850245	2.4867930213	2.0999857329
47	0.047619047619	0.0	0.0952380952381	0.047619047619	0.0952380952381	0.285714285714	2.01295028776	1.28940086165	1.6636046176	1.11552009358
48	0.571428571429	0.714285714286	0.047619047619	0.0	0.0952380952381	0.142857142857	2.14264296692	1.51940149872	1.79092739977	1.28001997343
49	0.0	0.047619047619	0.0	0.0	0.0952380952381	0.190476190476	1.51645235361	2.36999651415	1.24946027992	1.96281504141
50	0.0	0.0	0.0	0.0	0.0	0.0	1.83149687904	1.99178961217	1.57235166331	1.71704078147
51	0.0	0.0	0.0	0.0	0.0	0.0	1.67393702604	1.77690729887	1.46072109852	1.55665670746
52	0.0	0.0	0.0	0.0	0.0	0.0	0.671778299892	0.337650351495	0.548954434425	0.276195427648
53	0.0	0.0	0.0	0.0	0.0	0.0	0.0	0.0	0.0	0.0
54	1.0	1.0	0.0	0.0	0.0	0.0	0.0	0.0	0.0	0.0
55	0.857142857143	0.761904761905	0.0	0.0	0.047619047619	0.0952380952381	1.32868393073	2.14750971941	1.08341893224	1.75884271284
56	0.0	0.0	0.0	0.0	1.0	1.0	0.337650351495	0.0	0.276195427648	0.0
57	0.0	0.0	0.0	0.0	0.0	0.0	2.35165758301	2.38705741295	1.97285859863	2.03470908924
58	0.0	0.0	0.904761904762	0.857142857143	0.0	0.0952380952381	1.31162331715	1.6247838054	1.12549080687	1.37789033188
59	0.0	0.0	0.0	0.0	1.0	0.857142857143	0.0	0.867634084343	0.0	0.722857897733
60	0.0	0.0	0.0	0.0	0.0	0.0	1.6247838054	1.83149687904	1.37789033188	1.57235166331
61	0.0	0.0	0.0	0.0	0.0	0.0952380952381	0.671778299892	1.39743025817	0.548954434425	1.20600269024
62	0.857142857143	0.666666666667	0.0	0.047619047619	0.047619047619	0.0	1.65396093037	2.12430403578	1.37525806867	1.80097095699
63	0.142857142857	0.380952380952	0.0	0.0	0.0	0.0	1.6997897995	2.56265725236	1.41120509258	2.15927680423
64	0.0	0.0	0.0	0.0	0.0	0.0	0.0	0.337650351495	0.0	0.276195427648
65	0.0	0.047619047619	0.0	0.0	0.0	0.0	0.0	0.337650351495	0.0	0.276195427648
66	0.0	0.0	0.0	0.0	0.0	0.0	1.05956506742	2.60526463371	0.892942741767	2.1633347891
67	0.0	0.047619047619	0.0	0.0	0.0	0.0	0.0	0.337650351495	0.0	0.276195427648
68	0.0	0.0	0.047619047619	0.0	0.0	0.0	0.337650351495	0.337650351495	0.276195427648	0.276195427648
69	0.190476190476	0.047619047619	0.0952380952381	0.0952380952381	0.142857142857	0.238095238095	2.26282696327	1.84006316772	1.89092099359	1.54872900324
70	1.0	1.0	0.0	0.0	0.0	0.0	0.0	0.0	0.0	0.0
71	0.47619047619	0.285714285714	0.047619047619	0.0952380952381	0.142857142857	0.285714285714	2.74258069671	3.47133005317	2.32165344871	2.89185194638
72	0.0	0.0	0.0	0.0	0.952380952381	0.857142857143	0.671778299892	2.00607603321	0.548954434425	1.68466962097
73	0.0	0.0	0.0	0.0	0.0	0.0	1.51940149872	1.33901319793	1.28001997343	1.14883485428
74	0.0	0.0	0.0	0.0	0.0	0.0	0.805958016718	0.537218868238	0.70246655129	0.453716339187
75	0.0	0.0	0.0	0.0	0.0	0.0	1.7966144071	2.11433985303	1.57511459141	1.79568289835
76	0.0	0.0	0.0	0.0	1.0	1.0	1.10461066482	1.03434079955	0.985228136034	0.918295834054
77	0.809523809524	0.761904761905	0.0	0.0	0.142857142857	0.142857142857	1.01373619829	1.51940149872	0.856995717854	1.28001997343
78	0.047619047619	0.0	0.190476190476	0.380952380952	0.619047619048	0.571428571429	3.02982191427	2.25454759171	2.52274004521	1.91612694659
79	0.047619047619	0.047619047619	0.0	0.142857142857	0.0952380952381	0.190476190476	2.63501615663	3.71856069377	2.19997932672	3.03963304389
80	0.0	0.0	0.380952380952	0.380952380952	0.238095238095	0.380952380952	3.24516627071	3.27050654107	2.67803170849	2.72471980332
81	0.0	0.0	0.0	0.0	0.047619047619	0.0	1.19412449907	2.26282696327	0.988180837005	1.89092099359
82	0.047619047619	0.0	0.047619047619	0.0	0.047619047619	0.380952380952	1.32868393073	2.10087765084	1.08341893224	1.77233885094
83	0.0952380952381	0.0	0.0	0.0	0.285714285714	0.190476190476	3.1777124255	3.55892423838	2.64807025692	2.94638751913
84	0.190476190476	0.047619047619	0.142857142857	0.238095238095	0.190476190476	0.238095238095	3.69348367004	3.90126185161	3.04162561437	3.19615478093
85	0.0	0.047619047619	0.142857142857	0.238095238095	0.0952380952381	0.0952380952381	3.70450189256	4.14299083413	3.04638111295	3.363286924
86	0.0	0.0	0.666666666667	0.380952380952	0.142857142857	0.142857142857	2.90978332696	3.07796364046	2.41566147019	2.58402368702
87	0.047619047619	0.238095238095	0.047619047619	0.0952380952381	0.0952380952381	0.047619047619	1.32868393073	3.06477796992	1.08341893224	2.54684658934
88	0.0	0.0	0.0	0.0	0.0	0.0	2.05504878171	2.50716782559	1.73639182703	2.10783321082
89	0.047619047619	0.047619047619	0.285714285714	0.142857142857	0.285714285714	0.47619047619	3.87387197083	3.87387197083	3.17281073352	3.17281073352
90	0.047619047619	0.0	0.0	0.0	0.0952380952381	0.047619047619	2.85699978835	2.83742442269	2.39231742278	2.3749589477
91	0.047619047619	0.0	0.0	0.047619047619	0.047619047619	0.0	2.32102376565	2.48904413319	1.91109283536	2.05805313665
92	0.0	0.047619047619	0.142857142857	0.0	0.380952380952	0.285714285714	3.6321429883	3.17817728194	3.00567859046	2.61687873158
93	0.0	0.0	0.047619047619	0.142857142857	0.952380952381	0.761904761905	0.867634084343	1.83256198697	0.722857897733	1.53241949845
94	0.0	0.0952380952381	0.0	0.0	0.0	0.047619047619	2.21709815135	3.58545427352	1.87762050339	2.95114301771
95	0.142857142857	0.047619047619	0.619047619048	0.761904761905	0.0952380952381	0.0952380952381	2.92457023124	2.51451552618	2.42640254111	2.09799316243
96	0.047619047619	0.047619047619	0.52380952381	0.619047619048	0.142857142857	0.0952380952381	2.96993424393	2.57777469572	2.49354109035	2.11734420798
97	0.0	0.0	0.0	0.0	0.0	0.0	0.867634084343	2.17013290492	0.722857897733	1.8369179809
98	0.047619047619	0.047619047619	0.047619047619	0.0952380952381	0.047619047619	0.0	2.55943576458	2.66660531545	2.12738776519	2.19928181302
99	0.0952380952381	0.047619047619	0.285714285714	0.238095238095	0.333333333333	0.285714285714	3.58631411916	3.26905352967	2.96973156654	2.71797173427
100	0.047619047619	0.190476190476	0.0	0.047619047619	0.0952380952381	0.0	3.58545427352	3.69348367004	2.95114301771	3.04162561437
101	0.0	0.0952380952381	0.0	0.0	0.047619047619	0.047619047619	2.50716782559	3.22322466054	2.10783321082	2.68202471036
102	0.285714285714	0.047619047619	0.190476190476	0.0952380952381	0.142857142857	0.0952380952381	3.73931253917	3.11060683905	3.07757263828	2.58279361325
103	0.0952380952381	0.0952380952381	0.047619047619	0.285714285714	0.238095238095	0.0952380952381	3.17817728194	3.24516627071	2.61687873158	2.67803170849
104	0.047619047619	0.047619047619	0.047619047619	0.0952380952381	0.0952380952381	0.190476190476	2.59014262896	2.92021236615	2.10156902583	2.38975800349
105	0.0	0.0	0.0	0.190476190476	0.0952380952381	0.142857142857	2.14750971941	2.30865583241	1.75884271284	1.9268680175
106	0.047619047619	0.0	0.0	0.0	0.0	0.0	0.671778299892	0.0	0.548954434425	0.0
107	0.0	0.0	0.0952380952381	0.0	0.0	0.0	0.537218868238	0.0	0.453716339187	0.0
108	0.047619047619	0.0	0.0	0.0	0.047619047619	0.0	0.671778299892	0.0	0.548954434425	0.0
109	0.047619047619	0.0	0.380952380952	0.238095238095	0.0	0.047619047619	2.50045672497	1.51940149872	2.10474123148	1.28001997343
110	0.0	0.0	0.047619047619	0.047619047619	0.0952380952381	0.047619047619	3.46495364307	2.35217318263	2.84915685342	1.97664809167
111	0.0	0.190476190476	0.619047619048	0.47619047619	0.0	0.0952380952381	2.72589240436	3.22322466054	2.3010723294	2.68202471036
112	0.0952380952381	0.0	0.809523809524	0.714285714286	0.0	0.0952380952381	1.19412449907	2.32102376565	0.988180837005	1.91109283536
113	0.0	0.0	0.0	0.0	0.0	0.0952380952381	2.68038016932	2.80246836705	2.26711787596	2.35085240358
114	0.0	0.0	0.0	0.0	0.047619047619	0.0952380952381	2.50045672497	3.02678133559	2.10474123148	2.53424361284
115	0.0	0.0	0.0	0.0	0.0	0.0	1.99178961217	1.34241427744	1.71704078147	1.16578405182
116	0.0	0.0	0.0	0.0	0.047619047619	0.047619047619	1.002193516	1.83256198697	0.818095992971	1.53241949845
117	0.0	0.0	0.0	0.0	0.0	0.0	0.0	0.0	0.0	0.0
118	0.0	0.0	0.0	0.0	0.0	0.0	0.0	0.0	0.0	0.0
119	0.047619047619	0.0	0.047619047619	0.0	0.047619047619	0.0952380952381	1.96605631069	1.5414272048	1.66758975855	1.34213895587
120	0.047619047619	0.142857142857	0.238095238095	0.380952380952	0.52380952381	0.333333333333	3.40392959542	2.88325329183	2.81520239998	2.41090597162
121	0.0	0.0	0.0	0.0	0.0	0.0	1.40844616636	1.72617337068	1.22857638003	1.50996861264
122	0.0	0.0	0.0	0.0	0.0	0.0	0.805958016718	1.05956506742	0.70246655129	0.892942741767
123	0.142857142857	0.380952380952	0.190476190476	0.238095238095	0.333333333333	0.142857142857	3.60588948482	3.07796364046	2.98709004162	2.58402368702
124	0.0	0.0	0.142857142857	0.0952380952381	0.666666666667	0.333333333333	2.47070520205	2.68038016932	2.06809669387	2.26711787596
125	0.0	0.0	0.0	0.0	0.0	0.047619047619	2.90773371655	2.05504878171	2.4390055176	1.73639182703
126	0.0	0.047619047619	0.0	0.0952380952381	0.0	0.0	1.69800255531	2.73982406536	1.43718140321	2.25857288434
127	0.047619047619	0.0	0.190476190476	0.190476190476	0.142857142857	0.190476190476	3.07572260873	2.39748645214	2.52473261569	2.00880562254
128	0.047619047619	0.0	0.0	0.0	0.0	0.0	0.337650351495	0.337650351495	0.276195427648	0.276195427648
129	0.0	0.0	0.047619047619	0.047619047619	0.0	0.047619047619	0.671778299892	0.671778299892	0.548954434425	0.548954434425
130	0.285714285714	0.238095238095	0.047619047619	0.0952380952381	0.238095238095	0.0952380952381	3.76783879726	3.87387197083	3.10567218427	3.17281073352
131	0.0	0.0	0.0	0.0	0.0	0.0	0.687245783555	1.51645235361	0.591672778582	1.24946027992
132	0.0	0.190476190476	0.714285714286	0.380952380952	0.285714285714	0.380952380952	1.75934323705	3.44944183046	1.47312842712	2.84915685342
133	0.761904761905	0.714285714286	0.0952380952381	0.047619047619	0.142857142857	0.0952380952381	2.30469233657	2.59476201081	1.93215607614	2.16236878357
134	0.0	0.0	0.0	0.0	0.0	0.0	1.05956506742	1.8783908561	0.892942741767	1.56836652236
135	0.047619047619	0.0	0.0	0.047619047619	0.0	0.0	1.8783908561	2.62360356485	1.56836652236	2.15329123189
136	0.0	0.0952380952381	0.0	0.0	0.0	0.0	2.35217318263	2.45462785584	1.97664809167	2.06879420757
137	0.0	0.0	0.0	0.0	0.952380952381	1.0	0.671778299892	0.0	0.548954434425	0.0
138	0.285714285714	0.285714285714	0.238095238095	0.285714285714	0.0952380952381	0.0	3.55892423838	2.92816892785	2.94638751913	2.47495254152
139	0.0	0.0	0.0	0.0	0.0	0.0	1.34241427744	1.40844616636	1.16578405182	1.22857638003
140	0.0	0.0952380952381	0.47619047619	0.52380952381	0.238095238095	0.047619047619	2.26208495522	2.64172725725	1.92809809126	2.20307130606
141	0.047619047619	0.0952380952381	0.0	0.0952380952381	0.238095238095	0.0952380952381	2.94222772906	3.45294445228	2.46820447247	2.83256087506
142	0.0	0.047619047619	0.666666666667	0.52380952381	0.238095238095	0.190476190476	2.7857800747	3.34484147204	2.33027128426	2.71520880617
143	0.0	0.0	0.0	0.0	0.0	0.047619047619	2.83537481228	2.88325329183	2.39830299512	2.41090597162
144	0.047619047619	0.047619047619	0.571428571429	0.571428571429	0.238095238095	0.142857142857	2.76077487629	3.14886953332	2.2983094013	2.61797814045
145	0.0	0.047619047619	0.047619047619	0.0	0.0	0.0	1.75934323705	1.65217368618	1.47312842712	1.4012343793
146	0.0	0.0	0.0	0.047619047619	0.0	0.0	0.0	0.337650351495	0.0	0.276195427648
147	0.0	0.0	0.0	0.0	0.0	0.0	0.0	0.337650351495	0.0	0.276195427648
148	0.0	0.0	0.0	0.0	0.0	0.0	0.900932324034	1.12828587126	0.791858352567	0.963745994207
149	0.0	0.0	1.0	1.0	0.0	0.0	0.337650351495	0.0	0.276195427648	0.0
150	0.047619047619	0.0	0.0	0.0	0.428571428571	0.761904761905	1.99178961217	0.900932324034	1.71704078147	0.791858352567
151	0.0952380952381	0.047619047619	0.0	0.0	0.190476190476	0.047619047619	3.33039421141	3.16555782567	2.75391875818	2.63855925976
152	0.0	0.047619047619	0.0	0.0	0.0	0.0	1.19412449907	1.32868393073	0.988180837005	1.08341893224
153	0.0	0.0	0.0	0.047619047619	0.047619047619	0.0	0.671778299892	0.671778299892	0.548954434425	0.548954434425
154	0.047619047619	0.0	0.47619047619	0.238095238095	0.047619047619	0.047619047619	2.98516952489	2.95760841905	2.50737414061	2.47495254152
155	0.0	0.0952380952381	0.047619047619	0.0952380952381	0.047619047619	0.047619047619	3.51309536925	4.11310358622	2.91044049522	3.36804242257
156	0.0	0.0	0.380952380952	0.47619047619	0.238095238095	0.0	3.83906132422	3.45089484186	3.14161920818	2.85590492247
157	0.190476190476	0.0952380952381	0.238095238095	0.428571428571	0.142857142857	0.0952380952381	3.73931253917	3.01781272348	3.07757263828	2.50614406685
158	0.0	0.0	0.047619047619	0.047619047619	0.0	0.0	1.002193516	2.26282696327	0.818095992971	1.89092099359
159	0.0952380952381	0.0	0.238095238095	0.238095238095	0.380952380952	0.380952380952	3.99405596718	3.30531718768	3.27280432733	2.75591132865
160	0.0	0.142857142857	0.52380952381	0.285714285714	0.285714285714	0.285714285714	3.31838502062	4.2202731371	2.73732277982	3.4399364704
161	0.0	0.0	0.0	0.0	0.0	0.0	0.805958016718	1.51043464499	0.70246655129	1.31274435311
162	0.428571428571	0.428571428571	0.047619047619	0.238095238095	0.428571428571	0.285714285714	3.08898186298	3.22354129464	2.58877918559	2.68401728083
163	0.0	0.0952380952381	0.190476190476	0.333333333333	0.142857142857	0.285714285714	3.87387197083	3.53817239298	3.17281073352	2.90844792474
164	0.047619047619	0.047619047619	0.142857142857	0.190476190476	0.238095238095	0.190476190476	3.19583477976	2.88438966913	2.65868066294	2.41566147019
165	0.0	0.0	0.0952380952381	0.047619047619	0.428571428571	0.52380952381	3.28693158679	3.40361296133	2.69662025733	2.81320982951
166	0.285714285714	0.333333333333	0.238095238095	0.0952380952381	0.380952380952	0.428571428571	3.0422931482	3.2959001989	2.53424361284	2.72471980332
167	0.0	0.0952380952381	0.571428571429	0.571428571429	0.142857142857	0.190476190476	2.89533430795	2.57777469572	2.39354749654	2.11734420798
168	0.047619047619	0.047619047619	0.0952380952381	0.190476190476	0.380952380952	0.142857142857	4.38222244953	3.94709072074	3.55851861305	3.23210180485
169	0.047619047619	0.0952380952381	0.0	0.0	0.0952380952381	0.047619047619	2.73982406536	2.99778898115	2.25857288434	2.48569361243
170	0.0952380952381	0.047619047619	0.142857142857	0.285714285714	0.238095238095	0.047619047619	4.30900369962	4.08165015239	3.49922754172	3.32733990008
171	0.142857142857	0.238095238095	0.0952380952381	0.0952380952381	0.238095238095	0.142857142857	2.8632295495	3.26937016377	2.39045551719	2.71996430474
172	0.0	0.047619047619	0.761904761905	0.857142857143	0.142857142857	0.0	2.00607603321	1.32868393073	1.68466962097	1.08341893224
173	0.0952380952381	0.047619047619	0.47619047619	0.571428571429	0.190476190476	0.142857142857	3.17817728194	2.92021236615	2.61687873158	2.38975800349
174	0.47619047619	0.428571428571	0.142857142857	0.047619047619	0.142857142857	0.285714285714	2.99778898115	3.31633541021	2.48569361243	2.76066682723
175	0.0	0.0	0.0952380952381	0.047619047619	0.714285714286	0.52380952381	1.83256198697	2.35165758301	1.53241949845	1.97285859863
176	0.0952380952381	0.0952380952381	0.142857142857	0.0952380952381	0.238095238095	0.238095238095	3.83906132422	3.60588948482	3.14161920818	2.98709004162
177	0.0	0.0	0.0	0.0	0.047619047619	0.0	2.92457023124	2.70286499104	2.42640254111	2.27972085246
178	0.047619047619	0.0952380952381	0.285714285714	0.142857142857	0.333333333333	0.333333333333	3.15032254472	3.99405596718	2.6247262095	3.27280432733
179	0.0	0.0	0.0	0.0	0.0	0.0	2.48904413319	1.70550373607	2.05805313665	1.453490908
180	0.190476190476	0.142857142857	0.238095238095	0.190476190476	0.238095238095	0.380952380952	3.8868864163	3.69348367004	3.20091027951	3.04162561437
181	0.0	0.0	0.047619047619	0.0	0.047619047619	0.0	1.32868393073	2.23543708249	1.08341893224	1.86757694618
182	0.0	0.047619047619	0.238095238095	0.285714285714	0.047619047619	0.047619047619	2.80246836705	2.98095246646	2.35085240358	2.49829658893
183	0.047619047619	0.142857142857	0.0	0.142857142857	0.238095238095	0.285714285714	2.80246836705	3.52411359178	2.35085240358	2.9151959938
184	0.0	0.0	0.0	0.0	0.0	0.0	1.76443606494	1.8395726827	1.54515313983	1.58000075488
185	0.047619047619	0.142857142857	0.52380952381	0.619047619048	0.333333333333	0.047619047619	2.99778898115	2.4555831973	2.48569361243	2.0063309306
186	1.0	0.857142857143	0.0	0.0	0.0	0.0952380952381	0.805958016718	1.65396093037	0.70246655129	1.37525806867
187	0.47619047619	0.333333333333	0.0	0.0952380952381	0.238095238095	0.238095238095	3.27050654107	3.76670241995	2.72471980332	3.10091668569
188	0.190476190476	0.142857142857	0.0	0.047619047619	0.238095238095	0.142857142857	2.65545136793	2.87438349702	2.23592635063	2.35381097958
189	0.142857142857	0.047619047619	0.0	0.047619047619	0.047619047619	0.142857142857	2.14750971941	2.32102376565	1.75884271284	1.91109283536
190	0.0	0.0952380952381	0.0	0.047619047619	0.142857142857	0.0	2.14750971941	1.65101178527	1.75884271284	1.34469837516
191	0.0952380952381	0.047619047619	0.0952380952381	0.0	0.047619047619	0.047619047619	1.51645235361	1.002193516	1.24946027992	0.818095992971
192	0.0	0.047619047619	0.0	0.0	0.0952380952381	0.0	1.002193516	0.337650351495	0.818095992971	0.276195427648
193	0.0	0.0	0.0	0.0	0.047619047619	0.0	1.002193516	0.337650351495	0.818095992971	0.276195427648
194	0.0	0.0	0.0	0.0	0.047619047619	0.047619047619	0.671778299892	0.337650351495	0.548954434425	0.276195427648
195	0.0	0.0	0.047619047619	0.0	0.0	0.0	0.671778299892	0.0	0.548954434425	0.0
196	0.0	0.0	0.0	0.0	0.047619047619	0.0	0.337650351495	0.0	0.276195427648	0.0
197	0.0	0.0	0.0	0.0	0.0	0.0	0.337650351495	0.0	0.276195427648	0.0
198	0.0	0.0	0.047619047619	0.0	0.0	0.0	0.337650351495	0.0	0.276195427648	0.0
199	0.0	0.0	0.0	0.0	0.0	0.0	0.337650351495	0.0	0.276195427648	0.0
200	0.0	0.0	0.0	0.0	0.0	0.0	0.337650351495	0.0	0.276195427648	0.0
201	0.0	0.0	0.0	0.0	0.0	0.0	0.337650351495	0.0	0.276195427648	0.0
202	0.0	0.0	0.0	0.0	0.0	0.0	0.337650351495	0.0	0.276195427648	0.0
